Type of Valuation,Subsector,2000 Q1,2000 Q2,2000 Q3,2000 Q4,2000 January to June,2000 January to September,2000 January to December,2001 Q1,2001 Q2,2001 Q3,2001 Q4,2001 January to June,2001 January to September,2001 January to December,2002 Q1,2002 Q2,2002 Q3,2002 Q4,2002 January to June,2002 January to September,2002 January to December,2003 Q1,2003 Q2,2003 Q3,2003 Q4,2003 January to June,2003 January to September,2003 January to December,2004 Q1,2004 Q2,2004 Q3,2004 Q4,2004 January to June,2004 January to September,2004 January to December,2005 Q1,2005 Q2,2005 Q3,2005 Q4,2005 January to June,2005 January to September,2005 January to December,2006 Q1,2006 Q2,2006 Q3,2006 Q4,2006 January to June,2006 January to September,2006 January to December,2007 Q1,2007 Q2,2007 Q3,2007 Q4,2007 January to June,2007 January to September,2007 January to December,2008 Q1,2008 Q2,2008 Q3,2008 Q4,2008 January to June,2008 January to September,2008 January to December,2009 Q1,2009 Q2,2009 Q3,2009 Q4,2009 January to June,2009 January to September,2009 January to December,2010 Q1,2010 Q2,2010 Q3,2010 Q4,2010 January to June,2010 January to September,2010 January to December,2011 Q1,2011 Q2,2011 Q3,2011 Q4,2011 January to June,2011 January to September,2011 January to December,2012 Q1,2012 Q2,2012 Q3,2012 Q4,2012 January to June,2012 January to September,2012 January to December,2013 Q1,2013 Q2,2013 Q3,2013 Q4,2013 January to June,2013 January to September,2013 January to December,2014 Q1,2014 Q2,2014 Q3,2014 Q4,2014 January to June,2014 January to September,2014 January to December,2015 Q1,2015 Q2,2015 Q3,2015 Q4,2015 January to June,2015 January to September,2015 January to December,2016 Q1,2016 Q2,2016 Q3,2016 Q4,2016 January to June,2016 January to September,2016 January to December,2017 Q1,2017 Q2,2017 Q3,2017 Q4,2017 January to June,2017 January to September,2017 January to December,2018 Q1,2018 Q2,2018 Q3,2018 Q4,2018 January to June,2018 January to September,2018 January to December,2019 Q1,2019 Q2,2019 Q3,2019 Q4,2019 January to June,2019 January to September,2019 January to December,2020 Q1,2020 Q2,2020 Q3,2020 Q4,2020 January to June,2020 January to September,2020 January to December,2021 Q1,2021 Q2,2021 Q3,2021 Q4,2021 January to June,2021 January to September,2021 January to December
Current Prices,CROP,71109,70233,59026,78523,141343,200368,278892,68131,71135,57595,82517,139266,196861,279378,78790,72211,59344,92687,151001,210346,303033,83845,74683,65505,100499,158528,224033,324532,94938,88845,87009,112107,183783,270792,382899,99618,95297,88258,122889,194914,283172,406061,117556,108239,95962,130653,225795,321757,452411,122115,115776,109836,160419,237891,347727,508146,145857,169956,137046,174741,315813,452859,627600,161950,151788,130040,180385,313738,443778,624162,158570,147487,138677,216556,306057,444734,661290,208176,198285,157559,219519,406461,564020,783539,192789,192790,168134,223912,385579,553713,777625,189502,178136,171245,255436,367638,538883,794319,222776,216588,183023,284593,439364,622388,906981,217215,195607,168146,254921,412823,580969,835890,209136,199500,189484,258973,408636,598121,857094,229235,229167,199847,282139,458403,658250,940389,248255,239284,207002,283403,487539,694541,977945,258396,236979,213428,274954,495375,708803,983758,248973,262213,227223,324505,511186,738409,1062915,270451,267179,..,..,537630,..,..
Current Prices,..Palay,24136,22965,20917,35715,47101,68018,103734,22905,23215,19779,39191,46121,65899,105090,25749,24016,18793,46795,49766,68559,115354,26207,21760,22091,47707,47967,70058,117765,30326,25617,28659,51024,55942,84602,135625,33729,29596,28391,58595,63324,91715,150310,37855,32718,30393,58312,70573,100966,159277,39377,35078,36022,71441,74456,110478,181919,47236,58446,46591,81786,105681,152272,234058,59683,53666,46855,77608,113349,160204,237812,53992,47115,39339,91748,101107,140446,232194,60345,55387,45711,92916,115732,161443,254358,64873,64762,57501,104962,129635,187136,292098,66066,62914,58970,126669,128980,187950,314619,83137,85294,62089,147672,168430,230519,378191,76174,68822,45284,121701,144996,190280,311981,67621,63743,54827,118377,131365,186192,304569,79199,75789,63070,132093,154989,218059,350152,91376,82789,70056,140788,174164,244221,385009,83243,69050,49393,112759,152293,201686,314446,69106,76551,59930,113169,145657,205587,318756,77578,71246,..,..,148824,..,..
Current Prices,..Corn,7506,6579,9336,6202,14086,23422,29624,7606,6238,10423,6048,13845,24268,30315,7400,5686,10134,5688,13086,23220,28908,8797,4667,9630,8147,13464,23094,31241,13549,7573,16555,9597,21122,37677,47274,10054,6289,16047,7918,16343,32391,40309,14733,10155,19133,11019,24887,44021,55040,17224,11162,23706,13794,28385,52091,65884,21504,14744,23645,15956,36248,59893,75849,26042,14330,20611,14736,40372,60983,75719,18610,9258,24060,18422,27868,51928,70350,24615,17276,25325,20472,41891,67216,87689,26650,17934,30126,19392,44584,74710,94102,27864,13452,31184,17684,41316,72499,90183,28458,16390,32601,23145,44849,77450,100595,29668,13096,29858,19857,42765,72623,92480,24142,11487,32268,17400,35628,67897,85297,26959,15262,30136,21900,42221,72357,94257,34300,18405,31441,25016,52705,84146,109162,33691,16456,36855,19351,50147,87002,106354,28607,17100,35402,19514,45707,81110,100624,31159,19392,..,..,50551,..,..
Current Prices,..Banana,4884,5919,4741,5213,10803,15544,20757,5192,6238,5942,6003,11430,17371,23374,6161,6737,6454,6800,12898,19351,26151,6992,7945,7138,7346,14937,22075,29421,7866,9176,8744,9620,17042,25786,35407,9100,11253,10969,12187,20353,31322,43509,10719,13062,11510,12393,23781,35291,47683,11715,15704,13854,16719,27419,41273,57991,15450,21426,18565,19578,36876,55441,75019,19272,24071,21899,23382,43343,65242,88624,23705,29039,26989,25415,52745,79733,105148,24876,29042,24298,23930,53918,78216,102146,24210,29641,27265,26141,53850,81115,107256,26479,30345,29151,30826,56824,85975,116802,30449,33270,31459,35033,63720,95179,130212,31375,34961,35208,34295,66336,101543,135838,32143,37602,40541,36732,69745,110285,147018,32925,36872,37992,39421,69798,107789,147210,36170,39908,40558,41661,76078,116636,158297,47090,51221,54925,54159,98310,153235,207394,49187,59069,62656,64101,108255,170911,235012,53943,55468,..,..,109410,..,..
Current Prices,..Coconut,7514,6984,4399,6862,14499,18897,25760,4073,5089,5110,7711,9162,14271,21983,7443,7284,8110,9995,14727,22837,32832,9057,8865,9087,10865,17922,27009,37874,11182,12216,13422,14595,23398,36820,51415,12298,13299,14013,13221,25597,39610,52831,11332,11053,13659,14279,22385,36045,50324,13002,13566,15269,17898,26568,41836,59734,17094,20611,23368,19137,37705,61072,80210,15899,15422,16537,17044,31321,47858,64903,15725,17330,21792,28762,33055,54846,83609,30413,31777,29497,29267,62190,91688,120954,24113,22064,21903,20829,46177,68080,88908,17209,18018,21755,25363,35227,56982,82345,25152,25143,26221,28418,50295,76516,104934,21767,22716,25594,26017,44483,70077,96094,22522,24603,30735,30794,47125,77860,108654,27246,28138,32862,32454,55384,88247,120701,24639,22095,23829,21206,46733,70562,91768,23443,23842,28087,28068,47285,75372,103440,23033,24086,28696,34017,47119,75815,109832,27034,27891,..,..,54925,..,..
Current Prices,..Mango,4788,9488,694,694,14276,14970,15664,4464,8494,850,620,12959,13809,14429,5540,7959,969,1018,13499,14468,15486,4736,8741,1068,915,13477,14545,15460,4821,9167,1106,1135,13987,15093,16229,4722,9772,1138,1168,14494,15632,16800,4592,11976,1208,934,16567,17776,18710,3625,11012,1556,1195,14637,16193,17388,4680,12571,1563,1068,17251,18814,19882,4327,11297,1532,983,15624,17156,18139,3990,11317,1602,1000,15307,16909,17910,4771,11507,1416,904,16278,17694,18598,4136,13072,1408,926,17209,18617,19542,3893,12736,1554,1013,16629,18183,19196,4069,12384,1809,1095,16453,18262,19358,4548,13116,1700,1024,17663,19364,20388,4397,15641,1988,1181,20038,22026,23207,4541,20715,2490,1192,25255,27746,28938,5738,18045,2288,963,23782,26070,27033,4035,17836,3126,1580,21871,24997,26577,4330,20722,2673,1519,25052,27725,29244,5344,22817,..,..,28161,..,..
Current Prices,..Sugarcane,7079,2989,623,6006,10068,10691,16698,9117,2316,821,7203,11433,12255,19458,10558,3435,480,7553,13993,14472,22025,11695,3952,397,7528,15647,16044,23572,10606,4948,296,6365,15555,15851,22215,10458,4198,266,7805,14657,14923,22728,16340,6044,532,10233,22384,22916,33150,14794,3985,509,9566,18779,19288,28854,15629,8992,780,7994,24621,25401,33395,13013,3480,644,11734,16493,17137,28871,17036,2125,195,15316,19160,19355,34671,30545,12750,829,12127,43295,44124,56251,18212,7139,1666,15431,25350,27017,42447,17744,4855,1801,15566,22599,24399,39966,17974,5832,2573,14524,23807,26379,40903,20969,5526,1337,15171,26495,27832,43003,24897,7283,603,11771,32180,32783,44554,20177,11868,1074,10973,32044,33118,44091,14537,11170,1758,13298,25707,27465,40763,22369,5210,411,10868,27579,27990,38858,21555,9299,637,11394,30854,31492,42886,19280,12030,..,..,31309,..,..
Current Prices,..Pineapple,2146,2102,2210,2092,4248,6458,8550,1971,2345,2530,2124,4316,6846,8969,2267,2282,2385,1998,4549,6934,8933,2536,2850,3577,2387,5386,8963,11350,2283,2939,2884,2175,5222,8106,10280,2603,3172,3343,2376,5775,9118,11494,2246,2425,2532,2054,4671,7202,9257,2430,2655,3134,2771,5085,8219,10990,2595,3300,3382,3386,5895,9277,12663,2955,3356,3464,3282,6311,9775,13058,2761,3551,3406,3489,6312,9718,13207,3318,4568,4207,3810,7885,12092,15902,3517,4641,4698,4370,8158,12857,17226,3632,4675,4235,4497,8306,12541,17038,4193,5008,4417,4594,9202,13618,18212,5010,6080,6107,6488,11090,17196,23684,5084,6668,6199,5961,11753,17952,23913,5400,7649,7496,8240,13048,20544,28784,6504,9486,8336,6187,15989,24325,30512,8324,10149,9217,10989,18473,27690,38679,9436,9465,8184,31409,18901,27085,58494,10164,10573,..,..,20737,..,..
Current Prices,..Cassava,988,1668,1361,2281,2656,4017,6298,975,1519,1191,1811,2494,3685,5495,829,1454,1208,1700,2283,3491,5191,1008,1779,1713,2176,2786,4500,6676,1127,2084,1879,1484,3212,5091,6575,1284,1845,1464,1776,3129,4593,6369,1385,2655,2183,2923,4039,6222,9145,1608,2840,1959,2442,4448,6407,8849,1587,3084,2370,3547,4671,7041,10588,2111,3356,2588,3834,5466,8054,11888,2277,3266,2663,3839,5543,8206,12045,2411,3659,3364,4716,6069,9433,14150,2626,3561,3854,5663,6187,10041,15704,2843,4072,4690,6463,6915,11605,18068,2931,4166,3573,5993,7096,10669,16662,2823,3943,3536,4426,6767,10303,14729,2961,4287,4012,6225,7249,11261,17486,2947,3746,5123,8088,6693,11816,19904,2710,4097,5169,5886,6807,11976,17862,3259,4752,6945,6529,8011,14956,21485,4087,6108,5260,9251,10195,15455,24705,3949,6449,..,..,10398,..,..
Current Prices,..Rubber,355,693,418,388,1048,1466,1854,313,626,455,695,939,1394,2089,286,765,691,1382,1051,1742,3124,618,1202,985,1977,1820,2805,4782,843,2041,1451,3104,2885,4336,7440,923,2022,1771,3877,2945,4716,8593,1951,3361,2994,3993,5312,8306,12299,2400,3992,3087,5956,6392,9479,15435,2618,4903,4077,4036,7521,11598,15633,1522,2779,2721,6124,4301,7021,13145,3448,5921,5141,10393,9368,14509,24903,5315,8919,7321,9113,14234,21555,30668,3976,6310,4177,7145,10286,14463,21608,3130,4370,3695,6411,7500,11194,17605,2226,3266,2459,3465,5492,7950,11415,1034,2681,2002,2386,3714,5716,8102,642,2418,1924,3646,3061,4985,8631,1734,3069,2711,3697,4803,7515,11212,1216,2907,2688,3041,4123,6811,9852,1058,3218,2729,3614,4276,7005,10619,1046,2155,2196,4020,3201,5396,9416,1218,3361,..,..,4580,..,..
Current Prices,..Sweet Potato,557,609,742,676,1165,1907,2583,652,762,725,684,1414,2139,2823,748,906,1004,833,1654,2658,3490,737,887,1027,879,1624,2651,3530,758,840,1091,991,1598,2689,3681,804,974,1296,1028,1779,3075,4103,1014,1076,1237,1164,2090,3327,4491,1085,1171,1265,1260,2256,3521,4781,1006,1384,1664,1287,2390,4054,5341,1098,1347,1498,1289,2445,3943,5232,1079,1447,1592,1320,2526,4118,5438,1184,1536,1728,1436,2720,4447,5883,1312,1644,1756,1430,2956,4712,6142,1346,1748,1834,1527,3094,4928,6454,1414,1918,2148,1680,3332,5480,7161,1503,2174,2297,1811,3676,5974,7784,1580,2174,2168,2016,3754,5922,7938,1723,2511,2181,2126,4234,6415,8541,1829,2530,2366,2234,4359,6725,8959,1881,2891,2684,2349,4771,7455,9804,2337,3511,3093,2904,5848,8941,11845,2385,3001,..,..,5387,..,..
Current Prices,..Onion,361,624,6,321,985,990,1312,466,1234,3,206,1700,1703,1909,430,498,3,208,928,931,1139,493,867,2,295,1360,1363,1657,423,640,2,203,1063,1065,1269,678,846,2,379,1525,1527,1906,848,922,1,340,1770,1771,2111,771,1108,1,342,1879,1880,2223,1068,3528,4,698,4595,4599,5297,817,2151,1,603,2969,2970,3573,864,1164,2,546,2027,2029,2575,1417,2934,1,401,4351,4352,4754,727,2825,2,334,3552,3554,3888,973,1916,2,538,2889,2891,3429,2532,2103,1,252,4635,4637,4888,2467,943,1,273,3410,3411,3684,2759,1311,2,283,4070,4072,4355,3950,1200,2,296,5151,5152,5448,4996,1389,2,357,6385,6387,6744,5610,1372,1,528,6981,6982,7511,10154,2749,1,708,12903,12904,13612,7632,3401,..,..,11034,..,..
Current Prices,..Eggplant,503,554,310,321,1057,1367,1688,820,595,395,343,1414,1809,2152,644,574,501,311,1218,1719,2030,589,704,455,393,1292,1747,2141,767,777,314,432,1544,1858,2290,836,774,325,383,1610,1935,2318,1166,952,430,340,2118,2548,2888,963,1147,427,361,2110,2536,2897,1300,1545,478,407,2845,3323,3731,950,1564,608,445,2514,3122,3567,955,897,527,432,1852,2379,2811,1595,1738,784,735,3334,4117,4852,1558,1518,821,550,3076,3897,4447,1360,1365,648,594,2725,3373,3967,1727,1743,797,536,3471,4267,4804,1375,1582,762,733,2957,3718,4452,1807,1419,724,727,3226,3950,4677,2361,2038,845,774,4399,5244,6019,2515,2852,1309,736,5366,6675,7411,2450,2639,1092,909,5088,6180,7089,2543,2748,875,967,5292,6167,7133,3277,3019,..,..,6296,..,..
Current Prices,..Coffee,913,258,331,825,1170,1501,2326,718,209,263,736,927,1190,1926,572,204,248,913,776,1024,1937,799,265,290,1047,1065,1354,2402,872,235,270,1020,1106,1376,2396,861,343,319,1278,1204,1523,2801,1021,365,273,1313,1387,1659,2973,1163,427,361,1346,1590,1951,3298,1352,465,385,1528,1817,2202,3730,1316,409,317,1311,1725,2042,3353,1202,388,317,1432,1590,1907,3339,1309,488,339,1578,1797,2136,3714,1339,458,348,1549,1796,2144,3694,1249,450,297,1362,1699,1995,3357,1242,510,262,1457,1752,2014,3471,1181,446,284,1662,1627,1911,3573,1135,353,294,1646,1489,1783,3429,1196,368,329,1586,1564,1893,3479,1048,386,300,1546,1433,1734,3280,903,342,290,1500,1244,1534,3034,898,298,267,1459,1196,1463,2922,927,296,..,..,1223,..,..
Current Prices,..Tobacco,685,1283,102,99,1967,2069,2168,559,1281,39,24,1839,1878,1902,760,1635,44,77,2395,2439,2516,645,1536,67,81,2181,2247,2328,596,1383,53,63,1979,2032,2096,646,1526,55,61,2172,2227,2287,617,1150,35,39,1767,1802,1841,756,1111,29,49,1866,1896,1944,569,1923,36,56,2493,2528,2584,615,1719,62,51,2334,2396,2447,736,1741,24,41,2478,2502,2543,754,2184,26,44,2938,2964,3007,759,2439,108,176,3198,3306,3482,798,2845,106,81,3643,3749,3830,810,3349,96,88,4159,4255,4343,813,2679,116,125,3492,3608,3733,875,2790,150,99,3665,3815,3914,946,2439,301,114,3385,3686,3800,1034,2489,280,250,3524,3804,4054,984,3971,437,247,4955,5392,5639,1062,3992,385,753,5054,5438,6191,993,3889,..,..,4882,..,..
Current Prices,..Abaca,383,415,397,247,798,1195,1442,275,310,286,229,585,871,1100,278,277,251,273,555,805,1078,313,383,369,309,696,1065,1374,373,432,508,589,806,1314,1902,661,584,581,597,1244,1826,2422,616,672,542,600,1288,1830,2430,557,610,514,585,1168,1682,2267,639,870,769,733,1509,2278,3011,766,611,534,452,1377,1911,2363,557,663,565,514,1220,1785,2299,616,802,688,601,1418,2106,2707,723,760,688,540,1482,2170,2710,579,701,634,530,1281,1915,2445,648,811,757,731,1459,2217,2948,688,879,869,880,1567,2436,3316,867,1156,1115,1096,2023,3138,4233,920,1207,1165,1121,2127,3293,4413,1040,1269,1340,1334,2309,3649,4983,991,1185,1270,1086,2177,3447,4532,940,1151,1269,1112,2091,3360,4472,815,1124,..,..,1939,..,..
Current Prices,..Tomato,553,277,99,188,830,929,1117,675,540,108,361,1216,1324,1685,372,295,162,282,667,829,1111,636,645,200,387,1281,1481,1867,372,682,207,275,1054,1261,1536,705,420,314,369,1126,1439,1808,714,904,154,373,1618,1772,2145,546,998,249,346,1544,1794,2140,942,903,298,393,1845,2142,2535,544,1105,303,445,1649,1953,2397,455,809,516,370,1264,1780,2150,1213,669,372,482,1882,2254,2736,870,1390,283,282,2259,2543,2825,890,1235,511,350,2125,2636,2985,812,779,415,433,1591,2006,2439,922,964,306,698,1886,2191,2890,1272,1044,421,573,2316,2737,3310,1378,1038,534,628,2416,2950,3578,1315,1406,659,481,2721,3380,3861,2021,1931,807,716,3952,4759,5475,2126,1651,727,1211,3777,4504,5715,2944,1569,..,..,4512,..,..
Current Prices,..Potato,226,139,210,343,365,574,918,369,202,183,332,571,754,1086,231,168,170,242,399,569,812,243,173,147,374,417,564,938,308,173,276,530,481,757,1287,226,159,174,381,385,560,940,385,187,245,640,572,816,1456,432,192,286,1540,624,911,2451,463,196,452,2159,659,1111,3271,392,291,550,2767,683,1233,4000,383,354,464,2025,737,1202,3226,772,206,361,2221,977,1339,3560,418,219,644,2004,638,1281,3285,616,423,533,2155,1039,1573,3728,841,274,485,1746,1115,1599,3345,415,231,409,1775,646,1055,2830,705,372,654,3430,1077,1732,5161,609,384,608,1977,994,1602,3578,767,311,512,2641,1079,1590,4231,626,365,553,2418,991,1544,3962,963,556,584,2473,1519,2103,4576,774,421,..,..,1195,..,..
Current Prices,..Ampalaya,147,225,130,190,372,502,691,137,218,138,162,355,493,654,160,284,193,189,444,637,826,283,496,271,331,779,1050,1381,318,520,300,378,838,1138,1516,321,450,333,453,770,1103,1556,402,580,393,443,983,1376,1819,319,556,361,544,875,1237,1781,441,746,517,583,1188,1704,2287,413,714,487,633,1127,1614,2248,351,584,413,493,935,1348,1841,447,755,575,589,1202,1777,2366,444,712,661,527,1157,1818,2344,515,724,576,609,1239,1815,2425,484,638,615,493,1122,1737,2230,504,824,676,693,1327,2003,2697,512,858,657,805,1369,2027,2831,608,764,655,772,1372,2027,2798,709,989,914,696,1697,2611,3307,772,1252,815,852,2024,2839,3691,775,1243,701,939,2018,2719,3658,914,1215,..,..,2129,..,..
Current Prices,..Cabbage,172,118,113,357,290,404,761,146,94,121,190,240,362,552,151,125,204,253,276,481,733,121,198,163,292,319,482,774,179,140,184,283,319,504,787,231,114,114,466,345,458,925,244,233,261,343,477,738,1081,213,118,127,983,331,458,1440,164,196,260,731,360,620,1350,258,233,224,1276,491,715,1990,184,186,166,479,370,536,1015,349,185,349,1368,534,883,2251,219,229,412,795,448,860,1655,496,420,178,747,915,1094,1841,385,335,364,860,720,1084,1944,344,323,518,1379,667,1185,2564,620,425,239,1323,1045,1284,2607,517,278,486,852,795,1282,2134,582,487,617,1247,1069,1686,2933,469,501,242,1070,970,1212,2282,628,669,264,2080,1296,1561,3640,1023,458,..,..,1481,..,..
Current Prices,..Calamansi,271,275,749,454,546,1294,1749,223,207,514,298,430,944,1242,428,543,510,389,971,1482,1871,230,217,615,372,447,1062,1434,311,346,642,409,657,1299,1708,381,466,754,441,847,1601,2043,516,527,563,481,1044,1607,2088,359,425,584,390,783,1367,1757,404,522,561,431,926,1487,1918,429,724,1486,755,1153,2639,3394,409,417,1147,562,826,1973,2534,407,591,2483,926,998,3481,4407,474,600,1076,749,1074,2150,2899,459,382,1026,574,840,1866,2440,485,635,1367,402,1121,2488,2890,328,537,1242,421,865,2107,2528,412,474,669,447,886,1554,2002,389,477,656,400,866,1522,1922,472,484,883,615,957,1840,2455,390,639,1632,704,1029,2661,3365,372,438,1301,642,810,2111,2752,453,454,..,..,907,..,..
Current Prices,..Mongo,200,325,44,133,526,570,703,208,345,41,135,553,594,729,242,356,44,120,598,642,762,185,295,39,102,480,519,621,184,320,28,114,504,532,647,198,386,35,128,584,620,747,235,417,42,138,652,694,832,296,553,39,121,849,888,1008,307,577,45,130,883,928,1059,320,555,41,121,875,916,1037,390,861,64,158,1251,1315,1473,392,1148,67,166,1539,1606,1772,359,929,46,153,1287,1334,1486,335,869,51,146,1203,1255,1401,368,1015,63,160,1383,1446,1606,423,1059,64,163,1481,1546,1709,378,973,78,180,1351,1430,1609,398,1147,80,164,1545,1625,1789,458,1342,72,173,1800,1872,2046,490,1375,93,207,1865,1958,2165,528,1431,92,197,1959,2051,2248,601,1364,..,..,1965,..,..
Current Prices,..Cacao,49,48,40,46,97,137,183,39,43,41,45,83,124,169,50,51,50,91,101,151,242,99,88,78,79,187,265,344,74,76,77,85,150,228,313,75,76,84,89,152,236,325,86,80,81,72,167,248,319,78,76,72,73,154,226,299,80,78,77,73,158,235,308,78,62,67,71,141,208,278,81,78,90,102,159,249,351,114,109,106,102,223,329,431,96,95,84,80,190,274,354,71,75,78,85,146,224,309,90,116,125,138,205,330,468,124,125,148,156,249,397,553,126,145,173,204,271,445,649,113,139,152,184,252,404,587,133,151,168,202,284,452,654,165,179,202,258,343,546,803,200,202,239,272,402,641,913,211,204,..,..,415,..,..
Current Prices,..Other Crops,6692,5697,11054,8870,12389,23444,32314,6227,9014,7637,7367,15242,22879,30246,7490,6677,6737,5577,14167,20903,26481,6830,6166,6094,6510,12996,19089,25599,6799,6520,8057,7636,13319,21376,29012,7824,6732,6468,7913,14555,21024,28937,8539,6724,7561,8228,15263,22824,31051,8404,7289,6424,10699,15693,22118,32817,8729,8946,7161,9043,17676,24837,33879,9131,8545,7009,11440,17675,24685,36124,9380,8978,7603,9698,18358,25961,35659,10998,10056,7713,11615,21054,28767,40382,11179,9849,8608,9885,21028,29636,39521,10957,9547,7737,11644,20504,28241,39885,12348,11609,8327,11678,23957,32284,43963,12760,11903,9830,12787,24663,34493,47280,11679,12272,9041,14058,23951,32992,47050,12998,12068,8899,13087,25066,33965,47052,14168,14298,11460,12845,28466,39926,52771,14134,16605,11623,14191,30738,42361,56552,15060,17021,11792,20396,32080,43872,64268,17833,17537,..,..,35370,..,..
Current Prices,LIVESTOCK,24443,24151,23590,28013,48594,72184,100198,24676,25622,25420,29662,50297,75717,105378,26007,26442,25783,30150,52449,78232,108382,26461,26968,26932,32266,53429,80362,112628,33612,35511,33169,40387,69123,102291,142678,38538,37836,35630,42466,76374,112004,154471,37799,38688,36439,42439,76487,112926,155365,39120,40389,37686,45942,79509,117194,163137,42075,47198,42785,52005,89273,132058,184063,46967,46413,45601,57419,93380,138980,196399,51312,53558,48085,57016,104870,152955,209971,49601,53544,49746,59445,103146,152892,212336,49814,50626,50331,63322,100440,150771,214093,54349,57507,54961,67194,111856,166816,234010,60406,64832,62020,74959,125237,187258,262216,61974,65344,61528,75330,127318,188846,264176,61764,65903,62747,77976,127667,190414,268391,68713,75667,72014,89109,144380,216394,305503,77296,81037,77950,95138,158332,236282,331420,77450,79650,72531,74068,157100,229630,303699,74084,72355,70324,83101,146439,216763,299863,81918,85781,..,..,167698,..,..
Current Prices,..Hog,19729,18925,17912,22499,38654,56566,79065,19422,19834,19493,23838,39256,58749,82587,20606,20495,19859,24106,41100,60960,85066,20971,20981,20969,26033,41952,62921,88954,28282,28658,26279,32868,56941,83220,116087,31927,30805,29216,34883,62732,91949,126832,31145,31364,29890,34705,62509,92399,127104,32413,33111,30976,37961,65525,96500,134461,35095,38880,35274,42902,73975,109249,152151,38963,37151,37688,47450,76115,113803,161253,42551,43254,39555,46166,85805,125360,171525,40664,42996,40802,48114,83659,124462,172576,40680,40634,41209,51885,81313,122522,174408,44871,47038,45509,55064,91909,137418,192482,50451,53815,52039,61974,104265,156305,218279,51551,53634,51412,62010,105186,156598,218608,51283,53787,52042,63767,105070,157112,220879,57528,63007,60654,74229,120534,181188,255418,65112,67636,65569,79215,132748,198316,277532,64666,65756,59625,57437,130422,190047,247484,60250,61077,57266,66480,121326,178592,245072,67942,69044,..,..,136987,..,..
Current Prices,..Cattle,2959,3037,3490,3433,5996,9486,12919,3195,3132,3454,3460,6326,9780,13240,3196,3191,3432,3536,6387,9819,13355,3217,3209,3413,3622,6426,9839,13462,3156,3597,3809,4414,6753,10562,14976,3863,3733,3643,4475,7596,11239,15713,3774,3944,3620,4551,7718,11338,15889,3769,3839,3622,4446,7608,11230,15675,3843,4412,4084,5147,8255,12340,17487,4280,4872,4207,5558,9153,13360,18918,4715,5347,4536,5996,10063,14599,20595,4869,5545,4749,6296,10415,15164,21460,4932,5351,4908,6247,10284,15191,21439,5160,5684,5095,6592,10844,15939,22530,5413,5994,5369,7093,11406,16775,23868,5661,6469,5427,7264,12130,17558,24822,5870,6734,5841,7828,12604,18445,26273,6088,6830,6050,7986,12917,18967,26953,6497,7152,6536,8464,13649,20185,28649,6796,7280,6747,8854,14076,20822,29677,7676,5868,6830,9162,13543,20373,29535,7651,9046,..,..,16697,..,..
Current Prices,..Carabao,925,1094,1278,1358,2020,3297,4655,1117,1341,1300,1479,2458,3758,5237,1164,1363,1360,1555,2526,3886,5442,1230,1386,1389,1598,2616,4004,5602,1155,1702,1718,1833,2857,4574,6407,1502,1676,1419,1892,3178,4597,6489,1532,1764,1572,1913,3296,4868,6781,1536,1886,1675,2146,3422,5097,7243,1663,2201,1851,2422,3864,5715,8137,1998,2492,1942,2561,4490,6432,8993,2221,2924,2088,2823,5144,7232,10055,2084,2840,2209,2947,4925,7133,10080,2156,2666,2157,2984,4822,6980,9964,2181,2769,2241,3144,4950,7191,10335,2246,2941,2309,3261,5187,7496,10757,2347,2986,2354,3426,5332,7686,11113,2204,3030,2467,3648,5234,7701,11349,2570,3383,2719,3917,5954,8672,12590,2903,3580,2900,4265,6483,9383,13648,2963,3693,3003,4334,6655,9658,13992,3245,2994,3029,3963,6239,9268,13231,3278,4386,..,..,7665,..,..
Current Prices,..Goat,789,1043,863,673,1832,2695,3368,885,1252,1119,826,2137,3255,4082,985,1328,1076,880,2313,3389,4270,983,1325,1099,939,2308,3407,4346,951,1476,1307,1194,2428,3734,4928,1170,1531,1267,1121,2702,3969,5090,1265,1521,1266,1169,2786,4052,5221,1313,1453,1319,1270,2765,4085,5355,1378,1599,1474,1423,2977,4450,5874,1626,1787,1656,1731,3413,5069,6800,1708,1904,1786,1915,3611,5397,7313,1869,2032,1856,1953,3901,5757,7710,1906,1828,1919,2056,3734,5653,7709,1994,1861,1964,2236,3855,5819,8054,2142,1922,2144,2467,4064,6208,8675,2251,2084,2169,2460,4334,6503,8962,2239,2168,2209,2536,4407,6617,9153,2323,2230,2389,2767,4552,6941,9708,2554,2429,2717,2954,4983,7700,10654,2769,2655,2901,3195,5424,8325,11520,2629,2125,2882,3182,4754,7636,10818,2692,2980,..,..,5672,..,..
Current Prices,..Dairy,41,51,47,50,93,140,189,57,63,54,58,121,175,233,57,66,54,73,123,177,250,60,68,62,74,127,190,264,68,77,57,79,144,201,280,75,91,85,95,166,251,347,84,94,91,100,177,269,369,89,99,94,119,189,283,402,95,107,103,110,202,305,415,99,110,108,118,209,317,435,117,129,121,117,246,367,484,114,132,129,134,246,376,510,139,148,138,149,287,425,574,143,155,152,158,298,450,608,155,160,159,164,315,474,638,164,171,166,170,335,502,672,167,184,188,197,351,539,737,205,218,202,209,423,625,835,231,239,228,239,470,698,937,256,266,255,248,523,778,1026,285,291,317,314,576,893,1207,353,324,..,..,677,..,..
Current Prices,POULTRY,18445,16277,16036,23155,34723,50759,73913,20130,16603,19398,27800,36732,56131,83931,21889,18278,20230,28969,40167,60397,89365,21665,18305,20923,30118,39970,60893,91011,25347,20231,25070,33943,45578,70648,104591,28081,21820,24096,33567,49901,73997,107564,28212,22730,25780,35293,50942,76722,112014,28849,28077,28425,33438,56925,85351,118789,31183,31169,32378,36582,62352,94730,131313,35624,34951,34647,39438,70575,105221,144660,40435,36712,35416,38420,77147,112563,150982,38907,38314,38655,42418,77221,115877,158295,41839,39701,40704,45281,81540,122243,167525,43658,43335,41845,47128,86993,128838,175965,46049,46656,46299,52167,92705,139003,191171,47903,46179,47421,53476,94082,141503,194980,51738,50226,49240,51446,101964,151204,202650,52922,55320,46881,59620,108242,155122,214742,57398,57979,56107,60170,115378,171485,231655,54042,55821,60477,72317,109863,170340,242657,62418,61569,63566,74862,123987,187553,262415,69054,70139,..,..,139193,..,..
Current Prices,..Chicken,13802,11553,11785,18412,25355,37140,55552,15811,11913,14286,22474,27724,42010,64484,17153,13164,15054,23485,30318,45372,68857,16623,13299,15472,24196,29922,45394,69590,19112,14352,18699,27126,33464,52163,79288,21674,15426,17582,26463,37100,54682,81144,21599,15801,18678,27585,37400,56077,83663,21330,20757,20892,24989,42088,62979,87969,23194,23348,24203,27573,46542,70744,98318,25917,26202,25934,29669,52119,78053,107723,30664,27282,25937,28331,57946,83883,112214,28739,28669,28862,31603,57408,86269,117872,30868,28985,30144,34294,59853,89998,124291,32432,31985,31002,35743,64417,95419,131163,34833,35391,34907,39416,70223,105131,144546,35151,34585,35558,40369,69736,105293,145663,38433,37563,36092,37554,75996,112088,149642,38001,41061,32868,44634,79062,111929,156564,41791,43509,41085,44339,85300,126385,170724,37612,39593,42560,51538,77205,119765,171302,42611,41523,42291,53199,84135,126425,179624,47837,47740,..,..,95577,..,..
Current Prices,..Duck,751,598,651,776,1349,2000,2776,626,569,598,742,1194,1792,2534,638,530,588,741,1168,1756,2498,683,604,617,809,1287,1905,2713,602,553,541,723,1154,1695,2419,756,659,532,700,1414,1946,2647,638,616,564,762,1255,1818,2581,710,657,553,649,1367,1920,2569,707,592,620,685,1299,1919,2604,710,561,553,652,1271,1824,2476,724,546,547,675,1269,1817,2492,666,507,549,730,1173,1722,2452,743,486,581,767,1228,1809,2576,707,485,584,887,1192,1776,2663,801,511,585,909,1313,1897,2807,812,559,614,850,1371,1985,2835,818,522,614,743,1339,1953,2696,874,505,695,798,1379,2074,2873,929,573,754,869,1502,2256,3125,1061,611,887,990,1671,2558,3548,1061,639,1042,1197,1700,2742,3939,1254,1139,..,..,2394,..,..
Current Prices,..Chicken Eggs,3311,3539,3094,3304,6850,9945,13249,3138,3492,3922,3948,6630,10553,14500,3500,3889,3950,4126,7389,11339,15465,3760,3724,4235,4432,7484,11719,16151,4955,4426,5076,5353,9381,14457,19811,4903,4868,5305,5712,9771,15076,20788,5241,5512,5864,6240,10753,16617,22858,6071,5868,6260,7100,11939,18199,25299,6629,6486,6815,7573,13115,19930,27503,8254,7424,7406,8372,15678,23083,31456,8321,8165,8175,8732,16486,24661,33393,8761,8395,8514,9360,17155,25670,35029,9452,9397,9217,9399,18850,28067,37466,9666,9917,9424,9606,19582,29006,38612,9541,9794,9939,10875,19336,29275,40149,11045,10066,10346,11237,21111,31457,42695,11518,11092,11574,12038,22610,34183,46222,12969,12575,12337,13041,25544,37882,50923,13659,12675,13240,13782,26334,39575,53356,14275,14259,15889,18369,28534,44423,62792,17540,17974,19029,18978,35514,54543,73521,18696,19785,..,..,38482,..,..
Current Prices,..Duck Eggs,581,588,505,663,1169,1674,2337,555,629,592,636,1184,1776,2412,597,695,638,617,1292,1930,2546,599,678,598,681,1277,1875,2557,678,901,753,740,1579,2333,3073,748,867,678,692,1615,2293,2985,733,801,674,705,1535,2209,2913,737,795,721,700,1532,2252,2952,654,743,741,751,1397,2137,2888,742,764,754,745,1507,2261,3005,727,719,757,681,1446,2203,2884,742,743,729,726,1486,2215,2941,776,832,762,821,1608,2370,3192,852,949,835,892,1801,2636,3528,873,960,868,967,1833,2701,3668,895,969,904,1019,1864,2768,3787,969,1049,961,1111,2019,2980,4091,1078,1178,981,1146,2256,3237,4382,1019,1222,1028,1180,2241,3269,4450,1094,1359,1141,1420,2453,3594,5014,1205,1433,1204,1488,2638,3842,5331,1266,1475,..,..,2740,..,..
Current Prices,FISHERIES,22451,25012,24958,26052,47463,72422,98474,24014,27785,26860,28091,51799,78659,106750,27115,30022,27359,28761,57138,84497,113258,28625,31950,28119,31172,60575,88694,119866,33884,36700,32777,35486,70584,103360,138846,35429,38081,35553,37330,73510,109063,146393,39585,42164,40010,41615,81749,121759,163374,43818,47953,43181,45593,91771,134952,180545,49725,55014,50948,60127,104739,155687,215814,53803,57633,49272,54874,111437,160708,215582,53250,59106,51696,57000,112355,164051,221051,52623,61263,51457,59353,113886,165343,224695,54544,62874,54853,65441,117418,172271,237711,59351,64979,56753,63469,124330,181083,244552,57837,63659,55377,65070,121497,176874,241944,54851,64700,57311,62840,119550,176862,239702,51621,60835,55007,61471,112456,167463,228934,56242,63919,57066,66674,120161,177227,243902,58908,68267,64358,73816,127175,191533,265349,63239,75010,63953,79450,138249,202201,281652,62607,73208,63369,74305,135815,199183,273488,66882,80182,..,..,147064,..,..
Current Prices,..Milkfish,2470,3499,2665,3226,5969,8634,11860,2727,3840,3123,3321,6567,9690,13011,2893,3284,3212,3197,6177,9389,12586,2733,3454,3366,3701,6187,9553,13255,3310,4205,3838,4923,7515,11353,16276,3634,4646,4235,5105,8280,12515,17620,3829,5489,5338,5674,9318,14656,20330,3862,5796,5873,6944,9658,15531,22475,4789,6304,6746,9205,11093,17839,27044,5566,7421,7810,8195,12987,20797,28992,5611,7258,7314,7876,12869,20183,28059,5670,7501,7825,9961,13171,20996,30957,6192,8937,9119,10921,15129,24248,35168,7023,9358,9098,10221,16380,25478,35699,6789,9220,9032,11203,16009,25041,36244,6821,9003,9303,10585,15824,25128,35712,6563,8833,9163,10827,15396,24560,35387,6442,10101,9479,12019,16543,26022,38041,6831,10630,10610,13154,17461,28071,41225,6886,10267,11616,14584,17153,28768,43353,7334,11585,9926,15160,18919,28844,44004,7680,13387,..,..,21066,..,..
Current Prices,..Tilapia,1537,1468,985,1434,3005,3990,5424,1484,1881,1348,1483,3365,4713,6196,1634,1966,1265,1722,3600,4865,6587,1744,2204,1439,2088,3949,5388,7476,2339,2698,1776,2327,5037,6814,9141,2728,2778,2031,2841,5507,7537,10378,4469,3061,2601,3097,7530,10131,13228,5083,3505,3264,3667,8588,11852,15518,5764,3778,3863,4288,9542,13405,17693,7283,4822,4292,3905,12105,16398,20303,6209,4426,3842,4458,10635,14477,18934,6186,4494,3653,4737,10680,14333,19070,6726,5166,4139,5105,11892,16031,21135,7234,5189,4069,5529,12422,16491,22020,7474,5762,3797,5410,13236,17033,22444,7322,5590,3707,5802,12912,16619,22421,6551,5328,3642,5249,11879,15521,20770,7056,5962,4014,5962,13018,17032,22994,6906,6173,4629,6546,13078,17707,24253,6797,6358,4599,7425,13156,17755,25180,7403,6565,4857,6680,13968,18825,25505,8041,7562,..,..,15603,..,..
Current Prices,..Tiger Prawn,3087,3072,2501,3137,6159,8660,11797,3459,3700,2930,3514,7159,10089,13603,3406,2813,2878,3262,6219,9097,12359,3350,2925,2906,2960,6274,9180,12141,3392,3086,3096,3292,6478,9574,12866,3493,2999,3488,3660,6492,9980,13640,3440,3199,3866,3808,6639,10505,14313,3869,3532,3525,4048,7402,10926,14975,4372,5015,4066,4507,9388,13454,17960,4567,5734,3918,4375,10301,14219,18593,3937,6025,3694,4613,9962,13656,18269,3821,6390,3606,4777,10211,13817,18593,3795,5816,4120,5279,9612,13732,19011,3724,5415,4175,6449,9139,13314,19763,3841,4840,4035,6632,8681,12715,19347,3953,5864,4520,6492,9816,14336,20829,3495,6013,4238,7221,9508,13746,20967,4063,5664,4442,7325,9727,14169,21494,4220,5888,4213,7464,10108,14321,21785,4453,6449,4059,8158,10902,14961,23119,4093,6747,2947,6810,10841,13788,20598,4348,6777,..,..,11125,..,..
Current Prices,..Skipjack,919,1084,908,911,2003,2910,3821,994,1155,933,982,2148,3081,4063,1130,1421,956,1016,2551,3507,4523,1543,1224,1009,1322,2768,3777,5099,1573,1445,1109,1472,3018,4127,5599,1717,1289,1309,1431,3006,4315,5746,1629,1714,1459,1836,3343,4802,6638,2378,2253,2154,2640,4631,6785,9425,3014,3410,3425,3336,6424,9849,13186,2743,3421,2519,3902,6164,8684,12586,3216,2681,2797,3383,5897,8694,12076,2824,3163,2706,3363,5987,8693,12056,3183,3390,3342,4682,6573,9915,14597,4897,4156,3678,3928,9053,12731,16659,4501,4236,3232,3411,8737,11969,15381,3323,4186,3702,3745,7509,11212,14956,2809,3966,3893,3612,6775,10668,14279,4036,3937,3954,4273,7973,11927,16200,4694,4045,4176,4331,8739,12915,17246,5471,4580,4826,5577,10051,14877,20454,4229,4723,4433,4631,8951,13384,18015,5546,5175,..,..,10721,..,..
Current Prices,..Roundscad,2536,3227,2594,2363,5762,8356,10719,2747,3439,2668,2557,6186,8853,11410,3070,4261,2735,2641,7331,10066,12708,3153,4211,2704,2833,7365,10068,12902,3733,4586,2964,2717,8320,11283,14000,3107,4113,3096,2180,7220,10316,12496,2744,3414,2307,2161,6159,8466,10626,2526,3488,3834,2383,6015,9849,12232,3158,4091,3613,2978,7249,10862,13839,3210,3362,2744,2842,6572,9316,12158,3400,3898,3391,2789,7298,10689,13478,3151,4068,3370,2821,7219,10589,13410,3589,4110,3415,3073,7699,11114,14187,4631,5034,3861,2950,9665,13525,16475,4141,4305,3029,2754,8446,11475,14229,3238,4281,3248,2688,7519,10767,13455,2965,3669,2790,2388,6634,9424,11812,2907,3342,2882,2112,6249,9131,11243,2543,3512,3101,2452,6055,9156,11608,3269,3734,2926,2251,7003,9929,12179,3290,4703,3423,2416,7994,11417,13833,3352,4514,..,..,7867,..,..
Current Prices,..Seaweed,793,555,422,608,1347,1770,2378,730,788,551,891,1518,2070,2960,813,743,639,1041,1556,2195,3237,692,785,659,1536,1477,2136,3672,1336,1185,918,1822,2521,3439,5261,1679,1197,1092,2073,2876,3968,6041,1502,1276,1279,2290,2778,4057,6347,1773,1299,1116,2111,3072,4188,6299,1950,1780,3127,5992,3730,6857,12848,1772,1774,2342,3703,3545,5888,9591,2827,2389,2184,4575,5216,7400,11975,3055,2504,2181,3651,5559,7740,11391,2729,2147,1627,3273,4876,6504,9776,2019,2031,2029,3825,4050,6079,9903,2679,2324,1958,3556,5003,6962,10518,2208,1895,1542,2670,4103,5645,8315,1514,1214,1197,2180,2728,3925,6105,1541,1490,1623,3646,3031,4655,8301,2261,2124,2097,4437,4386,6482,10920,2464,2479,2236,4666,4943,7179,11845,2459,2464,2279,3412,4923,7202,10614,2544,2324,..,..,4867,..,..
Current Prices,..Yellowfin Tuna,767,936,1328,955,1703,3031,3987,828,996,1364,1031,1824,3188,4219,967,1210,1397,1067,2177,3574,4641,1069,1688,1748,1577,2757,4505,6082,1783,2068,2323,1969,3851,6174,8143,1833,2387,2607,1812,4220,6827,8639,1784,2392,2373,2583,4176,6549,9132,2176,3337,2398,2673,5514,7912,10585,2682,4070,2893,3345,6752,9645,12990,2988,3242,2559,3115,6230,8790,11905,2743,3229,3273,3145,5971,9244,12389,2540,3072,2528,3154,5612,8141,11294,2887,3579,3441,4210,6466,9907,14117,3684,3826,3641,3537,7511,11151,14688,3323,3652,3417,4279,6975,10393,14671,3191,4111,3588,3747,7301,10889,14636,2885,2927,2766,2402,5812,8578,10980,3846,2536,2346,2942,6382,8728,11670,2867,2466,2178,2533,5333,7511,10044,3316,3779,2415,3168,7096,9511,12679,2670,3085,2413,2703,5755,8168,10871,2283,2679,..,..,4962,..,..
Current Prices,..Mudcrab,462,157,204,127,619,823,950,365,150,201,160,515,716,876,430,260,198,153,690,887,1040,384,284,250,182,668,918,1100,530,351,379,377,881,1261,1637,563,355,380,458,918,1298,1756,663,439,426,563,1102,1528,2091,863,583,467,496,1446,1913,2409,893,630,669,841,1523,2191,3033,969,751,747,1331,1720,2468,3799,983,794,949,1307,1777,2726,4033,989,1048,973,1536,2036,3009,4545,1019,1013,1003,1974,2032,3035,5010,1188,1057,1149,1567,2245,3394,4961,1188,1110,1246,1799,2299,3545,5345,1203,1283,1339,1731,2485,3824,5555,1346,1614,1487,2038,2960,4446,6485,1719,1694,1741,2340,3412,5153,7493,2989,1747,1865,2681,4736,6601,9282,2964,1890,1939,2824,4854,6793,9617,3241,1908,1657,2574,5149,6806,9379,4952,2109,..,..,7061,..,..
Current Prices,..Frigate Tuna,953,992,1421,1354,1945,3365,4719,1029,1055,1458,1449,2084,3543,4992,1193,1285,1494,1503,2478,3973,5476,1542,1754,1605,1397,3295,4900,6298,1868,2011,2137,1823,3879,6016,7839,1791,1905,1826,1658,3695,5521,7179,1963,2273,1673,1761,4236,5909,7671,2488,2650,1762,1632,5138,6899,8531,2237,2621,1930,1608,4858,6788,8397,2371,2428,2246,1830,4799,7045,8875,2187,2539,2018,1894,4726,6744,8638,2277,2302,1864,1875,4579,6443,8318,2297,2375,2022,2145,4673,6694,8839,2241,2697,2149,1999,4938,7087,9086,2276,2652,2053,1973,4928,6981,8954,2187,2996,2119,2182,5183,7302,9484,2289,2667,2054,1843,4956,7010,8853,2220,2456,1986,1800,4676,6662,8463,2024,2504,2238,1984,4528,6766,8750,2028,2835,2066,2044,4862,6928,8972,2127,2501,2226,2080,4628,6854,8934,1984,2425,..,..,4409,..,..
Current Prices,..Big-eyed Scad,743,787,1009,818,1530,2539,3357,801,837,1032,872,1638,2670,3541,952,1006,1055,906,1958,3013,3919,1097,1190,1139,956,2287,3426,4382,1162,1265,1241,959,2427,3668,4627,1166,1039,1015,978,2205,3220,4198,1188,1099,1046,1085,2287,3332,4417,1235,1344,1160,1077,2579,3739,4817,1491,1354,1392,1300,2844,4236,5536,1517,1362,1592,1739,2879,4471,6210,1735,1709,1796,1692,3444,5239,6931,1780,1709,2049,1800,3489,5537,7338,1780,1778,1903,1944,3558,5461,7405,1986,1832,1876,1965,3818,5694,7659,1919,2028,1951,1755,3946,5897,7652,1776,1998,2168,1714,3774,5942,7656,1591,1829,2461,1818,3420,5881,7699,1688,1894,2141,2063,3582,5723,7786,1913,2299,2310,2153,4212,6521,8674,1959,2383,2128,2397,4341,6470,8866,2125,2068,2112,2501,4194,6305,8806,2344,2417,..,..,4761,..,..
Current Prices,..Bali Sardinella,495,790,976,1072,1285,2261,3333,535,842,1004,1158,1376,2380,3538,615,1038,1030,1197,1653,2683,3880,539,778,807,1062,1317,2125,3187,660,864,1141,998,1523,2664,3661,1021,1157,967,857,2178,3145,4002,825,1592,1087,964,2417,3504,4468,834,1409,835,1207,2243,3077,4284,1319,1664,1575,1288,2983,4558,5846,1728,2698,1393,1297,4426,5819,7116,1555,2976,1658,1434,4532,6189,7624,995,2706,1901,1453,3701,5603,7056,1005,2589,1851,1553,3593,5444,6997,1071,2530,1717,1089,3600,5317,6407,984,2583,2120,1364,3567,5687,7052,1070,2903,2446,1245,3973,6419,7664,1192,2209,2039,1117,3401,5439,6556,1167,2376,1693,1157,3543,5236,6393,1254,2567,2027,1287,3821,5849,7136,1136,2337,2127,1402,3473,5600,7002,1375,2763,2721,1671,4138,6859,8530,1558,3246,..,..,4804,..,..
Current Prices,..Squid,541,591,605,518,1132,1737,2255,581,629,619,554,1210,1829,2383,704,752,633,575,1456,2089,2664,709,795,661,559,1504,2165,2724,820,1002,783,611,1822,2605,3216,928,985,841,716,1913,2754,3470,834,1086,850,722,1919,2769,3491,880,1173,1095,959,2053,3148,4107,1010,1284,931,891,2294,3225,4116,1115,1191,960,948,2307,3267,4214,1071,1377,903,985,2449,3352,4337,1143,1517,931,1075,2660,3591,4666,1096,1383,1109,1085,2479,3588,4673,1199,1365,1141,1243,2564,3705,4948,1220,1514,1120,1378,2735,3855,5233,1268,1417,1130,1173,2685,3816,4989,1351,1463,1095,1122,2814,3909,5031,1360,1431,1207,1310,2791,3999,5309,1244,1596,1323,1473,2841,4163,5636,1260,1800,1267,1451,3060,4327,5778,1400,1534,1273,1400,2934,4207,5607,1366,1687,..,..,3053,..,..
Current Prices,..Blue Crab,302,368,433,339,670,1103,1442,324,390,442,358,714,1156,1514,404,457,451,373,862,1313,1686,451,505,473,336,955,1428,1764,494,618,543,358,1112,1655,2014,479,749,704,667,1228,1932,2599,502,585,686,691,1087,1772,2464,550,714,765,735,1264,2028,2763,664,768,867,746,1432,2299,3045,721,848,643,605,1569,2212,2817,604,895,682,648,1499,2181,2828,586,1035,710,683,1621,2331,3014,466,777,755,880,1243,1999,2879,646,751,777,677,1396,2173,2850,578,897,873,786,1475,2348,3134,638,800,781,653,1438,2218,2871,639,873,740,790,1513,2252,3042,753,1200,1323,1051,1953,3276,4328,902,1428,1821,1425,2330,4151,5576,902,1356,1277,1020,2258,3535,4555,1044,1060,1588,756,2103,3692,4447,1021,1669,..,..,2690,..,..
Current Prices,..Bigeye Tuna,130,112,100,199,243,343,542,140,120,103,214,260,363,578,164,145,106,222,309,415,637,181,203,132,328,384,516,844,302,249,176,409,551,727,1136,311,287,320,377,598,918,1295,481,435,538,539,916,1454,1993,659,756,587,514,1415,2001,2515,668,671,650,568,1340,1989,2557,155,192,116,105,346,462,567,263,259,258,252,522,780,1033,235,279,241,224,515,756,980,350,387,319,394,737,1056,1449,321,403,320,463,724,1043,1507,301,357,352,383,657,1010,1393,303,336,317,352,638,955,1307,398,486,583,526,884,1467,1994,702,1249,1236,1053,1951,3188,4240,1274,1377,1443,1383,2651,4094,5477,495,629,749,658,1124,1873,2531,505,571,878,587,1076,1954,2541,543,673,..,..,1216,..,..
Current Prices,..Grouper,181,205,218,164,386,604,769,199,215,223,166,414,637,803,237,249,236,175,486,722,897,249,351,219,217,600,820,1036,287,370,225,304,657,882,1187,282,476,306,354,758,1064,1418,319,650,365,371,969,1334,1705,408,790,422,446,1198,1620,2066,378,759,464,3773,1136,1600,5373,786,1652,510,622,2438,2948,3570,446,658,480,566,1104,1585,2151,411,724,468,580,1135,1604,2184,515,735,518,609,1250,1768,2378,499,677,538,579,1176,1713,2293,557,681,576,556,1238,1814,2370,543,739,617,564,1282,1899,2463,567,703,576,616,1270,1846,2462,614,728,644,608,1342,1986,2594,584,674,2577,823,1258,3836,4659,728,910,997,831,1638,2635,3466,786,853,2024,762,1640,3663,4425,704,1040,..,..,1744,..,..
Current Prices,..Indian Mackerel,503,517,883,701,1020,1902,2603,542,549,905,747,1092,1997,2744,638,661,926,776,1299,2225,3001,829,745,1012,849,1574,2586,3435,951,771,1024,871,1722,2746,3618,842,892,1396,1036,1735,3131,4167,1079,965,1759,1013,2044,3803,4817,1143,1267,1072,1026,2410,3482,4508,1263,1347,1121,1201,2610,3730,4932,1229,1115,1253,1093,2343,3596,4689,1137,1512,1354,1242,2649,4003,5245,1173,1435,1309,1262,2608,3917,5178,1168,1477,1356,1221,2645,4001,5222,1429,1555,1333,1447,2984,4317,5764,1210,1553,1198,1463,2762,3961,5424,1136,1386,1310,1494,2521,3831,5325,765,1253,1179,1220,2017,3196,4416,1018,1375,1033,1075,2393,3426,4501,879,1411,1101,1204,2290,3391,4595,1198,1573,1197,1320,2771,3968,5288,1152,1189,1230,1400,2341,3572,4972,1247,1289,..,..,2537,..,..
Current Prices,..Threadfin Bream,340,425,815,485,766,1580,2065,366,452,832,515,817,1650,2165,449,536,851,536,986,1836,2372,487,632,517,510,1119,1636,2146,537,726,577,541,1262,1839,2380,538,814,813,692,1352,2165,2857,704,971,966,720,1675,2641,3361,677,1088,969,860,1765,2734,3594,839,1062,928,744,1900,2828,3572,871,850,820,803,1721,2541,3344,730,875,826,828,1605,2432,3259,749,1069,908,856,1818,2725,3582,865,1053,868,955,1919,2786,3742,800,1014,860,847,1814,2674,3521,781,936,878,823,1717,2595,3418,783,911,986,835,1694,2681,3516,868,895,972,1051,1763,2735,3786,1006,1036,1063,871,2042,3105,3976,1023,1095,1137,1148,2118,3255,4403,1283,1371,1339,1485,2654,3993,5479,1403,1234,1418,1238,2636,4055,5292,1098,1071,..,..,2169,..,..
Current Prices,..Slipmouth,384,425,443,543,810,1253,1796,415,453,454,582,868,1322,1904,479,551,465,603,1029,1494,2098,560,632,496,511,1192,1688,2199,528,671,537,682,1199,1736,2417,599,631,564,609,1230,1794,2403,517,680,535,560,1197,1732,2292,523,684,541,596,1207,1747,2343,586,766,561,578,1352,1913,2490,565,672,666,610,1237,1903,2513,697,786,652,687,1484,2136,2823,716,816,735,752,1532,2267,3019,620,832,699,734,1452,2151,2886,600,798,697,660,1398,2095,2755,635,730,770,694,1365,2135,2829,597,734,743,615,1331,2074,2689,618,622,723,637,1240,1963,2600,665,651,703,665,1316,2019,2684,600,711,810,872,1311,2122,2993,632,769,782,829,1401,2183,3011,542,641,725,721,1183,1908,2629,682,720,..,..,1402,..,..
Current Prices,..Cavalla,145,144,137,173,289,426,599,155,153,140,183,308,448,632,191,181,143,191,372,516,707,221,252,185,187,473,658,845,269,276,205,213,546,751,964,245,329,276,274,574,850,1124,333,427,313,328,760,1073,1401,417,530,382,380,947,1328,1709,469,676,541,491,1145,1686,2177,501,565,485,498,1066,1551,2049,433,705,604,740,1138,1742,2482,489,886,636,782,1375,2011,2792,609,772,645,819,1381,2025,2845,731,827,697,560,1559,2256,2815,653,856,623,563,1509,2131,2694,652,877,683,715,1528,2211,2926,529,757,660,671,1286,1946,2617,589,748,650,623,1337,1986,2609,660,761,741,761,1420,2161,2922,813,826,725,797,1639,2364,3161,821,908,874,853,1729,2603,3456,939,1063,..,..,2002,..,..
Current Prices,..Fimbriated Sardines,274,248,354,295,522,877,1171,295,264,364,317,559,923,1241,346,318,373,328,664,1037,1365,349,347,315,335,697,1012,1347,409,402,402,373,811,1213,1585,423,517,409,411,940,1349,1760,461,582,444,528,1043,1487,2015,556,645,477,636,1201,1678,2314,855,1029,627,776,1884,2511,3287,1040,1075,815,906,2115,2930,3836,900,847,621,624,1746,2368,2992,849,885,690,728,1734,2424,3152,866,904,744,743,1770,2514,3257,882,846,795,698,1728,2523,3221,850,868,1000,848,1719,2719,3567,863,781,709,663,1644,2353,3016,643,678,689,666,1321,2010,2676,675,699,686,631,1374,2059,2691,672,720,627,719,1392,2019,2738,636,720,598,484,1356,1955,2438,523,470,483,378,993,1475,1853,398,481,..,..,879,..,..
Current Prices,..Other Fisheries,4890,5409,5957,6631,10299,16256,22887,5296,5878,6165,7039,11174,17339,24378,6398,6886,6315,7277,13284,19599,26876,6741,6992,6476,7726,13733,20209,27935,7601,7850,7383,8444,15450,22833,31278,8050,8534,7880,9141,16584,24464,33605,10318,9835,10101,10323,20153,30254,40577,10919,11110,10485,10562,22028,32513,43075,11325,11936,10959,11670,23261,34220,45890,12106,12458,10840,12449,24565,35405,47854,12565,13268,12399,13262,25833,38232,51494,12985,13660,12172,13282,26644,38817,52099,12786,13654,11858,13843,26440,38298,52141,12547,13620,12155,13235,26167,38322,51557,11936,12554,12116,13440,24490,36606,50045,11777,12610,12354,13176,24387,36741,49917,12045,12834,12062,13476,24879,36941,50417,12175,13351,12218,13146,25526,37744,50890,12568,14539,13333,14984,27107,40441,55425,14550,17965,14082,16082,32514,46597,62678,14083,15639,13882,15571,29722,43603,59174,14251,17874,..,..,32125,..,..
Current Prices,AGRICULTURE,136449,135673,123610,155743,272122,395733,551476,136951,141144,129272,168070,278095,407367,575437,153802,146953,132717,180567,300755,433472,614039,160595,151906,141480,194056,312502,453982,648037,187780,181287,178024,221923,369067,547091,769014,201665,193034,183538,236251,394699,578237,814488,223152,211821,198191,250000,434973,633164,883164,233901,232194,219129,285393,466096,685224,970617,268840,303337,263157,323455,572177,835334,1158789,298344,290785,259558,332116,589129,848688,1180803,303567,296863,273874,368992,600430,874304,1243295,349307,351406,297417,380734,700713,998131,1378865,338986,345991,314022,397956,684977,998998,1396954,346859,343957,324804,433226,690816,1015620,1448846,387068,391735,346719,476790,778803,1125522,1602312,381943,371830,334407,446567,753773,1088180,1534747,374259,376464,356479,449867,750723,1107202,1557069,407113,424074,375807,497542,831186,1206994,1704536,441857,446567,405418,512527,888424,1293841,1806368,453126,447460,410388,500790,900586,1310974,1811765,448082,469345,424481,556772,917427,1341908,1898681,488304,503281,..,..,991586,..,..
Constant 2018 Prices,CROP,163427,163531,149454,195196,326958,476411,671607,166581,175746,149748,200131,342327,492075,692206,182234,173697,143086,214064,355931,499017,713082,189178,170301,151969,222061,359479,511449,733510,200894,178984,170777,222962,379878,550655,773617,195610,181189,174974,233287,376799,551773,785060,207633,192859,184553,236315,400492,585045,821360,211985,203836,196235,259191,415821,612056,871247,224285,225874,205431,257402,450159,655590,912991,228098,219002,210720,243231,447100,657820,901051,214926,204928,191781,265186,419854,611635,876821,231799,231412,201191,254074,463211,664402,918476,233594,236601,217385,269221,470196,687581,956802,239030,225347,212225,274937,464377,676602,951539,242969,237237,203233,289921,480206,683439,973361,247706,230125,193957,282119,477830,671788,953906,226561,218432,202657,274519,444993,647650,922169,244563,243091,213893,283106,487655,701548,984654,248255,239284,207002,283403,487539,694541,977945,245801,226028,210053,286230,471828,681881,968111,239871,237367,220011,285303,477238,697249,982552,247736,244659,..,..,492395,..,..
Constant 2018 Prices,..Palay,56457,52345,52877,89203,108802,161680,250882,55619,55741,52715,98007,111359,164074,262081,60445,52915,44290,109725,113359,157649,267374,59999,47479,53361,111819,107478,160840,272658,67882,52711,62939,109903,120593,183532,293435,66845,53661,58500,116086,120505,179005,295091,71464,59180,65887,113730,130644,196531,310262,72672,61758,68972,125225,134430,203402,328626,74098,68249,75996,122510,142347,218343,340853,77899,69527,77135,105659,147426,224562,330221,69014,63336,57995,127980,132350,190345,318325,79800,71649,69444,116825,151449,220893,337718,78908,78933,78831,128735,157841,236672,365407,82421,77475,73699,139267,159896,233595,372862,85128,82440,66344,148744,167568,233912,382656,86330,80069,55922,143115,166399,222321,365436,77724,75186,65067,137938,152909,217976,355914,87349,83997,74288,143959,171346,245634,389593,91376,82789,70056,140788,174164,244221,385009,87301,77978,66879,147428,165279,232158,379586,84230,83497,77068,145418,167727,244795,390213,91453,84463,..,..,175916,..,..
Constant 2018 Prices,..Corn,13965,13849,22594,13183,27814,50408,63591,14919,12583,23055,13197,27502,50557,63754,15357,11836,21760,11889,27193,48953,60842,18743,9945,20576,15586,28689,49265,64851,21250,11484,27641,15779,32733,60374,76153,17351,10325,31402,14924,27676,59078,74002,21183,15406,31757,17318,36589,68346,85664,23604,15023,36191,20030,38627,74818,94848,27599,18630,32160,19114,46229,78389,97503,26660,18532,33823,19997,45192,79015,99013,22191,11650,33052,22765,33841,66893,89658,26518,19988,31070,20537,46506,77577,98113,27944,20799,34663,20874,48743,83406,104279,31139,15409,37075,20133,46548,83622,103755,31552,17219,34908,25523,48772,83680,109203,32804,14506,34314,23982,47310,81624,105606,26549,13055,37956,23946,39605,77561,101507,32773,19058,36915,22574,51830,88746,111319,34300,18405,31441,25016,52705,84146,109162,33589,16799,38821,22975,50388,89208,112183,31800,19384,40165,22895,51183,91348,114243,33866,20596,..,..,54461,..,..
Constant 2018 Prices,..Banana,19526,22747,20536,20559,42274,62810,83369,20153,23191,20907,21319,43344,64251,85569,20594,24031,22015,22576,44626,66641,89217,21122,24244,21811,23651,45366,67177,90828,21786,24978,23155,25352,46764,69919,95271,22529,28069,26676,29290,50598,77273,106563,25442,31112,28195,30195,56554,84750,114944,26941,33740,29915,36076,60681,90596,126672,32510,40864,35600,37993,73374,108974,146967,34177,42514,36657,39124,76691,113348,152472,34609,42635,37490,39218,77244,114734,153952,35552,42546,37834,39088,78098,115932,155020,36265,43115,38725,37926,79380,118105,156031,33992,38448,36254,37555,72440,108694,146249,34644,38972,37874,38787,73616,111490,150277,36044,38909,39164,39517,74952,114116,153634,34554,37481,38426,40147,72036,110462,150609,35440,38454,39752,41405,73894,113645,155050,36170,39908,40558,41661,76078,116636,158297,35674,38253,39901,41068,73927,113828,154896,34807,37740,39398,41245,72547,111945,153191,35162,38218,..,..,73380,..,..
Constant 2018 Prices,..Coconut,18759,18830,17501,24460,37589,55090,79550,20257,22251,18100,20962,42508,60608,81570,23991,22319,21160,20404,46310,67470,87874,24744,22671,21566,20419,47415,68981,89400,24607,22366,21944,20799,46972,68916,89715,25804,23068,22834,21014,48872,71706,92720,26443,23303,23006,20925,49745,72751,93677,25088,22410,23448,21642,47498,70946,92588,26557,23880,23660,21702,50437,74097,95799,26865,24202,24656,22171,51067,75724,97894,27180,24059,24322,21535,51239,75561,97096,25505,23258,24258,22011,48763,73022,95033,26956,24387,25394,22334,51343,76737,99072,26688,23818,24601,21007,50506,75107,96115,24879,22716,23296,20862,47595,70891,91752,24999,22679,23529,20804,47677,71206,92010,23837,21071,21799,19659,44909,66708,86367,22911,21218,22689,20578,44129,66818,87396,24639,22095,23829,21206,46733,70562,91768,24660,21992,23997,21327,46652,70649,91976,23609,21592,23658,21247,45201,68859,90106,23419,21775,..,..,45194,..,..
Constant 2018 Prices,..Mango,13453,18208,2016,1220,31661,33677,34898,13730,19204,2032,1189,32933,34965,36154,14620,20990,2166,1310,35610,37776,39086,14202,22839,2251,1344,37040,39291,40635,13747,21499,2258,1626,35246,37503,39130,12505,22730,2454,1522,35235,37689,39210,11225,21220,2572,1442,32445,35017,36459,11815,24290,2759,1449,36105,38864,40313,10389,20611,2573,1339,30999,33572,34911,9997,16972,2657,1289,26969,29626,30914,10306,18785,2567,1224,29090,31657,32882,9645,18098,2351,1197,27743,30094,31291,9063,17768,2301,1238,26830,29132,30370,9469,19075,2375,1270,28544,30919,32189,9452,21537,2332,1198,30988,33321,34518,8742,22417,2539,1155,31159,33698,34853,6871,20755,2317,1066,27626,29944,31010,6333,18652,2192,958,24985,27177,28135,5738,18045,2288,963,23782,26070,27033,5574,19014,2308,969,24588,26896,27865,5525,19054,2356,960,24579,26935,27895,5749,19012,..,..,24761,..,..
Constant 2018 Prices,..Sugarcane,13353,6146,1886,13597,19499,21385,34982,13070,6884,1933,14033,19953,21886,35920,14263,5217,1080,14644,19479,20559,35204,16607,6625,830,15100,23232,24062,39162,17214,9341,656,14538,26555,27211,41749,15987,6308,600,14515,22295,22895,37410,17028,5532,764,16499,22560,23325,39824,15793,5550,810,14085,21343,22153,36237,17120,11825,1269,13214,28944,30214,43428,16094,5115,1387,14852,21209,22596,37448,14299,1952,336,12380,16251,16586,28966,18121,11925,1036,15383,30046,31081,46464,16862,6851,1630,18216,23713,25343,43558,16604,5250,2023,16459,21854,23877,40336,17486,5477,2674,15171,22963,25638,40809,16982,4638,1556,13997,21620,23176,37173,17354,5866,834,11892,23220,24054,35946,17877,15099,1364,13601,32976,34341,47941,14537,11170,1758,13298,25707,27465,40763,16655,4511,703,11324,21166,21869,33193,17318,8860,870,12462,26178,27048,39510,16538,11944,..,..,28482,..,..
Constant 2018 Prices,..Pineapple,4175,5182,5008,3114,9358,14366,17480,4286,5514,5112,3242,9800,14912,18154,4309,5683,5152,3271,9992,15143,18414,4305,5832,5587,3370,10137,15724,19094,4422,6132,5911,3381,10554,16465,19846,4414,6177,6093,3472,10591,16684,20156,4486,6340,6192,3633,10826,17019,20652,4656,6658,6991,4293,11314,18305,22599,5091,7609,6999,5000,12701,19700,24700,5276,7513,6783,4973,12789,19572,24544,5210,7695,6640,4760,12905,19545,24305,5056,8353,6915,4941,13409,20324,25265,5357,8624,7377,5493,13982,21359,26852,5669,8728,7399,5682,14397,21796,27478,5996,8824,7400,5772,14819,22219,27991,6101,9069,7831,5868,15169,23001,28869,6186,9093,7958,5948,15279,23237,29185,6419,9183,8080,6124,15602,23681,29805,6504,9486,8336,6187,15989,24325,30512,6501,9551,8417,6235,16052,24469,30704,6555,9687,7694,6241,16242,23936,30177,6931,10130,..,..,17061,..,..
Constant 2018 Prices,..Cassava,1351,2303,3425,4913,3654,7079,11992,1315,2265,3403,4174,3580,6983,11158,1369,2316,3325,3883,3684,7009,10893,1349,2180,3459,3972,3530,6988,10961,1359,2283,3427,3971,3641,7068,11039,1373,2373,3448,4078,3746,7194,11271,1497,2576,3480,4157,4074,7553,11710,1853,2709,3509,4258,4562,8071,12329,1918,2842,3605,4411,4760,8365,12776,2019,3140,3686,4514,5159,8845,13359,2160,3157,3708,4694,5317,9025,13719,2253,3333,3915,4929,5586,9501,14431,2192,3427,3992,4915,5619,9612,14527,2212,3564,4510,5277,5776,10286,15563,2466,3891,4806,5496,6357,11164,16659,2693,4104,5163,5840,6797,11960,17800,2890,3996,5237,5947,6886,12124,18070,2938,4134,5339,5969,7072,12411,18379,2710,4097,5169,5886,6807,11976,17862,2558,3802,5099,5923,6360,11458,17382,2564,3657,5090,5965,6221,11311,17276,2376,3504,..,..,5880,..,..
Constant 2018 Prices,..Rubber,996,1879,1300,962,2875,4174,5136,1061,1838,1324,1938,2900,4224,6162,1007,1825,1303,2092,2832,4135,6227,973,1842,1374,2175,2815,4189,6364,990,1916,1481,2795,2906,4387,7182,961,1940,1649,2740,2901,4549,7290,1534,1954,1742,2934,3489,5230,8164,1572,2401,2037,3363,3973,6010,9373,1672,2533,1967,3374,4206,6173,9547,1636,2561,2041,2886,4197,6238,9124,1496,2523,2136,3042,4018,6155,9197,1591,2676,2229,3394,4267,6496,9890,1713,2840,2347,3410,4554,6901,10311,1709,2768,2357,3508,4476,6834,10341,1711,2917,2483,3436,4628,7112,10548,1341,2888,2329,2737,4229,6558,9295,988,2546,2185,2704,3534,5719,8423,1165,2843,2515,2945,4008,6523,9468,1216,2907,2688,3041,4123,6811,9852,1175,3029,2588,3234,4203,6791,10025,1175,2825,2485,3308,4000,6485,9793,1220,2991,..,..,4211,..,..
Constant 2018 Prices,..Sweet Potato,2137,2379,2635,2301,4517,7151,9452,2050,2324,2668,2270,4373,7042,9312,2060,2289,2739,2296,4349,7088,9384,2067,2240,2761,2277,4307,7068,9345,1990,2175,2813,2345,4165,6978,9323,2042,2462,2936,2379,4504,7440,9820,2053,2437,2885,2308,4490,7375,9683,2094,2525,2886,2291,4620,7505,9796,2001,2556,2933,2292,4558,7490,9782,2020,2513,2851,2186,4533,7385,9570,1975,2379,2780,2110,4354,7134,9244,1923,2298,2588,2003,4221,6810,8813,1943,2315,2553,2008,4258,6811,8819,1962,2380,2531,2139,4342,6872,9011,1902,2380,2426,2157,4282,6708,8865,1933,2617,2459,2122,4550,7010,9131,1870,2536,2398,2220,4406,6804,9024,1851,2610,2439,2258,4461,6901,9158,1829,2530,2366,2234,4359,6725,8959,1852,2466,2400,2248,4319,6719,8966,1922,2587,2465,2348,4510,6975,9323,1904,2591,..,..,4495,..,..
Constant 2018 Prices,..Onion,1201,1506,10,449,2707,2717,3167,1218,1463,8,420,2681,2689,3109,1380,1818,8,409,3199,3207,3616,1339,1756,6,420,3096,3101,3521,1378,1399,6,496,2777,2783,3278,1399,1204,3,506,2603,2607,3113,1342,1003,3,546,2345,2348,2894,1511,3315,3,578,4827,4830,5409,1462,2790,3,534,4252,4255,4789,1446,2850,3,414,4295,4298,4713,1608,2990,3,428,4598,4600,5028,1542,2815,2,412,4357,4359,4771,1498,2732,2,409,4230,4233,4641,1625,2966,2,394,4591,4593,4987,3117,4122,3,386,7239,7242,7628,4900,1763,2,373,6663,6665,7037,3388,1032,2,354,4420,4422,4777,5207,1624,2,353,6831,6833,7186,4996,1389,2,357,6385,6387,6744,6135,2135,1,361,8271,8272,8633,6585,1990,1,376,8575,8576,8952,5680,2427,..,..,8107,..,..
Constant 2018 Prices,..Eggplant,1704,1642,1064,665,3347,4411,5076,1757,1747,947,716,3504,4451,5167,1940,1799,982,751,3740,4722,5473,1898,1785,937,766,3683,4620,5387,1986,1896,936,737,3882,4818,5555,2006,1962,974,764,3968,4943,5706,1981,2201,980,646,4182,5162,5808,2136,2523,1033,651,4659,5692,6343,2053,2217,1095,690,4270,5365,6055,2103,2191,1185,631,4294,5479,6110,2121,2216,1396,621,4337,5732,6353,2113,2264,1326,630,4377,5703,6333,2098,2339,1336,671,4437,5773,6444,2238,2430,1340,679,4667,6007,6686,2254,2517,1364,717,4772,6135,6853,2434,2562,1386,698,4996,6382,7080,2430,2621,1396,712,5050,6447,7159,2506,2752,1328,746,5259,6587,7333,2515,2852,1309,736,5366,6675,7411,2562,2942,1308,746,5504,6812,7558,2399,2889,1352,702,5289,6641,7343,2422,2951,..,..,5373,..,..
Constant 2018 Prices,..Coffee,1928,722,867,2338,2650,3517,5854,2238,716,792,2380,2954,3746,6126,2084,699,695,2364,2782,3477,5841,2059,681,676,2385,2740,3416,5801,1996,637,608,2366,2633,3241,5607,1977,823,602,2382,2800,3402,5784,1971,777,573,2366,2748,3321,5687,1894,722,544,2189,2616,3160,5349,1908,702,541,2174,2610,3151,5325,1873,691,524,2180,2564,3088,5269,1840,664,501,2158,2504,3005,5164,1641,650,474,2067,2291,2765,4832,1788,601,468,2003,2389,2857,4860,1567,578,394,1762,2145,2539,4301,1498,563,358,1709,2061,2420,4128,1314,531,365,1737,1845,2210,3947,1285,458,329,1680,1742,2072,3752,1148,402,298,1534,1550,1848,3382,1048,386,300,1546,1433,1734,3280,976,361,299,1620,1337,1637,3257,979,350,297,1660,1329,1627,3287,1101,349,..,..,1449,..,..
Constant 2018 Prices,..Tobacco,1225,2324,140,161,3549,3689,3850,1128,2332,127,122,3460,3586,3708,1132,2471,125,122,3603,3728,3851,1128,2673,120,116,3801,3920,4037,1017,2462,87,98,3479,3565,3663,890,2351,81,94,3241,3322,3416,913,1863,61,74,2776,2837,2912,1076,1429,48,70,2505,2552,2623,737,1598,64,85,2335,2399,2484,761,1855,67,84,2616,2683,2767,836,2089,56,75,2924,2981,3055,848,2405,41,48,3253,3294,3342,860,2602,53,86,3462,3515,3601,895,2949,139,88,3844,3983,4071,934,3458,131,100,4392,4524,4624,963,3009,132,260,3972,4104,4364,982,2981,274,219,3964,4237,4457,1020,2559,277,218,3579,3857,4074,1034,2489,280,250,3524,3804,4054,1000,2596,316,129,3597,3912,4041,996,2682,221,270,3678,3899,4169,934,2626,..,..,3560,..,..
Constant 2018 Prices,..Abaca,1344,1469,1375,1160,2813,4188,5348,1303,1400,1254,1091,2702,3956,5047,1123,1105,1020,1131,2229,3249,4380,1128,1303,1307,1104,2431,3738,4843,1176,1222,1347,1447,2397,3745,5191,1404,1253,1189,1294,2657,3846,5140,1209,1246,1115,1283,2455,3570,4853,1117,1245,1089,1164,2362,3451,4615,1104,1328,1146,1172,2431,3577,4749,1136,1248,1114,1068,2384,3498,4566,1117,1281,1136,1080,2399,3535,4614,1114,1315,1226,1108,2428,3654,4762,1143,1349,1220,1036,2492,3712,4748,1051,1303,1173,975,2354,3527,4502,1026,1273,1206,1229,2299,3505,4735,1058,1300,1272,1265,2358,3630,4896,1085,1319,1292,1303,2404,3696,5000,1014,1266,1261,1252,2280,3540,4792,1040,1269,1340,1334,2309,3649,4983,1064,1269,1408,1287,2333,3741,5028,1004,1228,1410,1303,2232,3642,4945,857,1213,..,..,2070,..,..
Constant 2018 Prices,..Tomato,961,834,308,420,1796,2103,2523,997,798,293,384,1796,2089,2473,1040,811,288,380,1851,2139,2520,1034,843,279,380,1876,2155,2535,1081,968,522,419,2050,2571,2991,1043,1035,507,439,2078,2586,3025,958,1169,537,432,2127,2664,3096,1022,1277,587,448,2300,2886,3334,1056,1234,644,526,2290,2934,3460,1092,1247,670,507,2339,3009,3516,1169,1255,696,480,2424,3120,3600,1152,1290,680,470,2442,3121,3591,1164,1275,686,465,2438,3124,3589,1213,1303,650,476,2516,3166,3642,1256,1392,636,474,2647,3283,3757,1290,1369,628,463,2659,3286,3749,1258,1305,638,482,2562,3200,3682,1309,1381,656,478,2690,3345,3823,1315,1406,659,481,2721,3380,3861,1367,1376,672,478,2743,3416,3894,1351,1421,663,442,2772,3435,3877,1375,1463,..,..,2838,..,..
Constant 2018 Prices,..Potato,593,257,383,885,850,1233,2119,598,283,387,931,881,1268,2198,597,284,388,992,881,1269,2261,614,279,396,988,894,1290,2278,625,284,399,1020,909,1308,2329,626,288,402,1036,915,1317,2353,614,270,385,1081,884,1269,2350,638,298,410,3019,936,1347,4366,693,280,561,2891,973,1533,4424,710,276,558,2789,986,1544,4333,701,261,582,3027,962,1544,4571,736,270,590,2780,1007,1597,4377,761,276,563,2734,1037,1600,4333,775,279,561,2634,1054,1615,4250,759,295,565,2678,1055,1620,4298,755,313,554,2638,1069,1623,4261,744,313,553,2585,1056,1609,4194,757,310,534,2634,1067,1601,4236,767,311,512,2641,1079,1590,4231,766,300,465,2672,1065,1530,4203,747,284,500,2573,1031,1530,4103,549,354,..,..,904,..,..
Constant 2018 Prices,..Ampalaya,313,551,434,367,864,1299,1666,337,572,465,397,909,1374,1772,365,581,472,420,946,1418,1838,619,835,703,645,1454,2157,2802,690,883,758,641,1574,2332,2972,659,894,784,677,1553,2337,3015,611,874,752,701,1485,2237,2938,639,953,812,732,1591,2403,3134,652,978,820,767,1629,2450,3217,667,976,872,751,1643,2515,3266,714,942,974,730,1655,2630,3359,701,953,955,678,1654,2609,3287,704,972,931,693,1676,2607,3300,732,982,971,726,1713,2684,3410,713,1019,937,739,1732,2669,3408,717,1014,926,706,1731,2657,3363,725,961,934,697,1686,2619,3317,721,1016,954,696,1737,2691,3387,709,989,914,696,1697,2611,3307,739,1020,878,737,1759,2637,3374,736,1025,870,683,1762,2632,3315,751,1053,..,..,1804,..,..
Constant 2018 Prices,..Cabbage,408,399,657,743,807,1464,2207,410,392,686,778,802,1488,2266,440,379,670,808,819,1489,2297,453,363,665,827,816,1481,2309,465,380,647,823,845,1493,2316,448,384,647,808,832,1479,2287,453,376,615,826,829,1444,2270,483,406,666,1500,889,1556,3056,524,425,689,1544,949,1638,3182,527,433,714,1415,960,1675,3089,546,432,753,1471,978,1731,3202,567,465,737,1329,1032,1769,3098,590,472,709,1334,1063,1772,3106,610,482,708,1325,1092,1800,3125,603,506,724,1309,1109,1833,3143,618,512,675,1261,1130,1804,3065,611,484,703,1218,1095,1798,3017,604,501,668,1216,1105,1773,2988,582,487,617,1247,1069,1686,2933,585,487,619,1420,1072,1691,3112,612,484,588,1452,1095,1683,3135,553,547,..,..,1099,..,..
Constant 2018 Prices,..Calamansi,680,523,1497,1122,1203,2700,3822,697,523,1487,1144,1220,2708,3851,712,530,1471,1133,1242,2713,3846,718,541,1512,1060,1258,2770,3830,725,564,1552,935,1289,2841,3776,697,633,1737,1139,1329,3066,4205,689,634,1658,1155,1323,2982,4137,688,662,1725,1154,1351,3076,4230,692,676,1698,1133,1368,3066,4198,665,642,1673,1044,1307,2980,4024,669,621,1617,1050,1290,2907,3956,659,620,1581,975,1278,2859,3834,622,604,1557,958,1226,2782,3740,608,588,1515,708,1195,2710,3418,555,586,1558,610,1141,2699,3309,539,537,1611,636,1076,2686,3322,499,487,923,645,986,1909,2554,477,499,901,645,976,1877,2522,472,484,883,615,957,1840,2455,475,475,1100,604,950,2050,2654,423,382,914,584,806,1720,2304,417,353,..,..,769,..,..
Constant 2018 Prices,..Mongo,453,744,80,257,1197,1277,1534,450,775,80,246,1224,1304,1550,463,737,83,244,1200,1284,1528,444,704,80,224,1147,1227,1452,457,749,59,216,1206,1265,1481,446,766,64,219,1213,1277,1496,434,739,65,214,1172,1237,1451,510,852,63,202,1362,1425,1627,491,891,69,204,1383,1452,1656,468,838,63,181,1306,1369,1549,423,844,65,179,1267,1332,1512,398,1204,62,175,1602,1664,1839,389,1184,59,173,1573,1633,1806,399,1183,60,168,1582,1642,1809,409,1150,66,169,1559,1625,1794,421,1214,67,173,1636,1703,1876,424,1229,73,173,1653,1726,1899,425,1299,76,171,1724,1800,1971,458,1342,72,173,1800,1872,2046,470,1308,73,173,1778,1850,2023,498,1321,75,174,1819,1894,2068,529,1209,..,..,1738,..,..
Constant 2018 Prices,..Cacao,137,134,126,145,271,397,542,137,130,125,142,267,393,534,134,113,103,124,247,350,474,119,111,110,126,230,340,466,119,112,112,118,231,343,462,110,113,116,125,224,339,465,115,113,113,102,228,341,443,111,110,106,101,221,328,428,109,106,106,100,215,321,421,110,105,106,100,215,320,420,107,99,105,100,206,310,410,103,96,97,101,200,297,397,93,99,102,101,192,294,395,92,100,102,105,192,294,399,97,112,115,120,209,324,444,105,117,135,135,222,358,493,104,119,138,153,222,360,513,110,138,152,174,248,400,574,133,151,168,202,284,452,654,139,158,187,212,297,483,695,162,167,209,227,329,538,765,181,183,..,..,364,..,..
Constant 2018 Prices,..Other Crops,8307,8555,12735,12971,16862,29597,42568,8852,12821,11847,11050,21673,33520,44570,12809,12948,11790,13095,25757,37547,50642,13514,12530,11603,13304,26044,37647,50951,13933,12542,11520,13158,26475,37995,51153,14092,12370,11277,13782,26462,37739,51521,13988,12533,11216,13747,26521,37736,51483,14071,12979,11630,14672,27050,38680,53352,13850,13049,11234,14633,26899,38133,52766,13898,13060,11494,14418,26958,38452,52869,14636,13065,12871,14079,27701,40572,54651,14262,12940,11780,12993,27203,38983,51977,14681,13037,11886,13407,27718,39604,53011,15363,13290,11787,12602,28653,40440,53042,14532,13869,11026,12535,28400,39426,51962,14624,13988,11397,12636,28612,40009,52645,14203,13540,11223,12828,27743,38965,51793,14209,14097,11212,12620,28306,39518,52138,14168,14298,11460,12845,28466,39926,52771,13983,14207,11615,13059,28190,39805,52864,13874,14260,11661,12767,28135,39796,52563,13768,14709,..,..,28477,..,..
Constant 2018 Prices,LIVESTOCK,54525,56324,57028,65864,110849,167877,233741,55751,58143,58641,68142,113894,172536,240677,57826,60749,61248,71536,118575,179823,251359,59970,62252,63142,73397,122222,185363,258760,62016,62715,60649,70897,124731,185380,256277,62300,63870,62868,73590,126170,189038,262627,63705,65979,64161,75008,129684,193845,268853,65224,67809,65105,77429,133033,198138,275567,63031,65742,65462,78526,128773,194235,272761,64402,67325,66261,77984,131727,197988,275972,64841,69657,65920,79664,134498,200418,280083,65131,70485,67718,82257,135616,203334,285591,67132,68981,68724,83712,136113,204837,288549,67346,71622,69627,84984,138969,208595,293579,68157,72091,70615,85693,140247,210862,296555,70340,75797,72829,88866,146137,218966,307833,73475,80720,75761,91873,154195,229956,321830,75821,79604,76314,93580,155425,231739,325319,77296,81037,77950,95138,158332,236282,331420,78208,83588,79228,87083,161796,241024,328107,78082,76486,73229,75880,154567,227796,303676,59786,61743,..,..,121530,..,..
Constant 2018 Prices,..Hog,42480,43073,43170,52870,85553,128723,181593,44120,45402,45130,54918,89522,134652,189570,46165,47643,47792,57939,93807,141599,199539,48317,49331,49983,59717,97648,147630,207347,50230,49463,47935,56813,99693,147628,204441,50755,50797,50648,59682,101552,152199,211881,52472,53303,52409,61467,105775,158184,219651,53849,55172,53205,63395,109021,162226,225621,51590,52705,53514,64212,104295,157809,222021,52895,54197,54209,63302,107092,161301,224603,53080,55757,53918,64351,108837,162756,227107,53419,56559,55463,66733,109979,165441,232174,55244,55847,56519,68498,111091,167610,236108,55442,58318,57509,69493,113760,171269,240762,56137,58778,58414,69841,114915,173329,243170,58255,62071,60609,72782,120326,180936,253718,61439,66670,63363,75577,128110,191473,267050,63590,65790,63941,77655,129381,193322,270976,65112,67636,65569,79215,132748,198316,277532,66125,70408,66851,71419,136533,203384,274803,66271,66756,61675,61563,133027,194702,256265,49154,49284,..,..,98438,..,..
Constant 2018 Prices,..Cattle,7106,7001,7822,7600,14107,21929,29529,6722,6570,7567,7552,13292,20859,28411,6638,6673,7457,7631,13311,20768,28399,6614,6665,7207,7628,13279,20487,28115,6531,6728,6721,7865,13259,19980,27845,6203,6563,6435,7642,12766,19201,26843,5997,6437,6100,7385,12434,18534,25919,5980,6287,6076,7426,12267,18343,25769,5917,6439,6082,7583,12356,18437,26020,5936,6653,6194,7890,12588,18782,26672,6142,6988,6119,8141,13130,19249,27390,6125,7058,6336,8369,13183,19519,27888,6253,6875,6393,8114,13128,19521,27635,6353,7075,6414,8278,13428,19841,28120,6396,7105,6465,8468,13501,19966,28434,6446,7479,6480,8636,13924,20404,29040,6479,7563,6589,8793,14042,20632,29425,6574,7408,6529,8459,13982,20511,28969,6497,7152,6536,8464,13649,20185,28649,6502,7016,6524,8312,13518,20042,28355,6429,4950,5874,7679,11379,17253,24932,5647,6563,..,..,12210,..,..
Constant 2018 Prices,..Carabao,2563,2893,3028,3335,5456,8484,11820,2532,2889,3017,3515,5420,8437,11952,2643,3080,3206,3715,5723,8930,12645,2681,3045,3176,3740,5727,8903,12643,2884,3300,3230,3746,6183,9413,13160,2836,3171,2987,3734,6007,8994,12728,2705,3155,2958,3613,5859,8818,12431,2763,3393,3049,3852,6156,9204,13056,2838,3564,3014,3967,6403,9417,13383,2919,3611,3010,3885,6529,9540,13424,2959,3965,3033,4144,6924,9957,14101,2906,3903,3058,4189,6809,9868,14057,2923,3633,2957,4089,6556,9513,13602,2839,3617,2920,4110,6456,9376,13486,2869,3642,2926,4199,6511,9437,13636,2854,3562,2903,4225,6416,9319,13544,2799,3750,2946,4300,6549,9495,13795,2877,3694,2962,4234,6571,9533,13767,2903,3580,2900,4265,6483,9383,13648,2829,3506,2898,4180,6335,9233,13413,2774,2575,2675,3458,5349,8025,11482,2541,3251,..,..,5792,..,..
Constant 2018 Prices,..Goat,2281,3247,2913,1955,5528,8441,10396,2269,3166,2831,2051,5435,8267,10317,2283,3239,2690,2129,5522,8212,10341,2255,3093,2669,2192,5348,8018,10210,2263,3104,2653,2352,5367,8020,10372,2391,3210,2680,2406,5601,8281,10687,2416,2957,2565,2408,5373,7938,10346,2512,2824,2646,2607,5336,7982,10589,2561,2894,2715,2619,5455,8170,10789,2527,2725,2706,2749,5252,7958,10707,2509,2788,2694,2867,5296,7990,10858,2530,2804,2695,2792,5334,8029,10821,2537,2441,2678,2816,4978,7656,10473,2536,2420,2587,2895,4956,7543,10438,2567,2373,2614,2981,4940,7554,10535,2590,2484,2636,3015,5074,7710,10725,2561,2528,2653,2980,5089,7742,10721,2561,2481,2663,3002,5042,7705,10706,2554,2429,2717,2954,4983,7700,10654,2518,2415,2713,2927,4933,7645,10572,2362,1950,2723,2905,4312,7035,9939,2192,2407,..,..,4599,..,..
Constant 2018 Prices,..Dairy,96,110,95,103,206,300,404,107,116,97,106,224,320,427,97,114,103,121,211,314,435,102,117,106,120,219,325,445,108,120,109,122,228,337,459,115,129,118,126,244,362,488,115,128,128,136,243,371,506,121,133,129,150,254,383,532,125,140,137,144,265,402,547,126,139,142,158,265,407,566,151,160,155,161,311,467,628,151,160,166,175,311,477,652,176,185,177,195,360,537,732,177,192,196,208,369,565,773,188,192,196,204,381,576,781,195,201,202,209,396,598,807,197,208,210,223,405,615,838,218,231,219,231,450,669,900,231,239,228,239,470,698,937,234,243,243,245,477,720,964,245,255,282,276,500,782,1058,252,238,..,..,490,..,..
Constant 2018 Prices,POULTRY,33491,27323,28836,37575,60814,89650,127225,35256,28422,31489,41762,63678,95167,136929,36377,29666,34190,45191,66043,100233,145424,38225,30581,35133,44289,68807,103940,148229,39554,30817,37205,46949,70371,107576,154525,42204,31554,35596,45430,73758,109355,154785,40643,31998,36382,45192,72641,109023,154215,39312,37242,38261,40155,76554,114815,154970,40732,39068,40225,42246,79800,120024,162270,42415,40805,40797,41301,83221,124018,165318,43235,42045,42712,43432,85280,127992,171423,44921,43420,44737,45757,88341,133078,178835,48104,45132,46036,47635,93236,139273,186908,49620,47830,47887,49443,97450,145337,194781,50263,47856,46078,50947,98119,144197,195144,52953,50244,50083,53126,103197,153279,206405,53498,50887,51374,53602,104385,155760,209362,54547,55109,53163,56225,109656,162819,219044,57398,57979,56107,60170,115378,171485,231655,60474,60403,60813,63591,120877,181690,245281,60574,57535,58523,60078,118109,176632,236710,56053,58987,..,..,115040,..,..
Constant 2018 Prices,..Chicken,25033,18930,20361,28257,43963,64323,92580,26702,19818,22831,32353,46520,69351,101704,27627,20673,25066,35364,48300,73365,108729,28852,21549,25791,33935,50401,76191,110126,29595,21295,27149,36019,50890,78039,114058,31588,21452,25392,34225,53040,78433,112658,30028,21655,26151,33930,51683,77834,111763,28505,27227,27988,28951,55733,83720,112672,29688,28902,29798,30756,58590,88388,119144,30984,30038,30156,29886,61022,91178,121065,31545,30862,31645,31820,62407,94052,125871,32733,32043,33336,33439,64776,98111,131550,35148,33117,34073,35246,68266,102339,137585,36449,35406,35711,37046,71855,107567,144612,37370,36098,34666,37971,73468,108134,146105,39342,38077,37708,39332,77419,115127,154458,39230,38067,38419,39995,77297,115716,155711,39829,41615,39388,41507,81445,120832,162339,41791,43509,41085,44339,85300,126385,170724,43606,44864,44571,46170,88469,133040,179210,43099,41374,41372,42507,84472,125845,168352,38259,40726,..,..,78985,..,..
Constant 2018 Prices,..Duck,1324,1152,1261,1501,2476,3737,5238,1366,1187,1294,1599,2553,3847,5446,1332,1243,1277,1657,2574,3851,5509,1344,1236,1261,1645,2580,3841,5487,1320,1220,1250,1625,2541,3790,5415,1334,1253,1054,1393,2587,3641,5033,1189,1168,963,1357,2357,3320,4677,1123,1106,928,1158,2229,3157,4315,1068,917,915,1083,1986,2901,3983,1004,848,830,966,1852,2682,3648,913,718,766,953,1631,2398,3350,906,685,763,1015,1591,2355,3370,921,666,791,1063,1587,2378,3441,936,639,763,1166,1575,2338,3504,937,643,759,1181,1581,2340,3521,944,677,760,1068,1621,2381,3449,947,644,772,906,1592,2363,3269,948,585,759,861,1533,2292,3153,929,573,754,869,1502,2256,3125,931,548,776,797,1479,2255,3052,874,505,794,826,1379,2173,2999,773,699,..,..,1471,..,..
Constant 2018 Prices,..Chicken Eggs,5927,5954,6049,6372,11881,17930,24303,5961,6059,6145,6466,12020,18165,24631,6172,6357,6626,6896,12530,19155,26051,6800,6403,6864,7389,13203,20066,27456,7364,6824,7481,7965,14187,21668,29633,8046,7380,7980,8605,15426,23406,32011,8231,7844,8172,8750,16075,24247,32997,8556,7695,8279,8965,16251,24530,33496,9000,8194,8494,9389,17194,25688,35077,9474,8961,8853,9532,18435,27289,36820,9894,9579,9407,9818,19472,28880,38698,10382,9779,9746,10409,20161,29907,40316,11101,10350,10253,10382,21451,31704,42086,11273,10716,10499,10253,21990,32489,42742,11007,10079,9697,10771,21086,30783,41554,11700,10427,10657,11663,22127,32785,44448,12330,11090,11186,11560,23420,34606,46165,12716,11743,12043,12712,24459,36502,49214,13659,12675,13240,13782,26334,39575,53356,14859,13676,14411,15342,28535,42946,58288,15503,14353,15278,15405,29857,45134,60540,15909,16237,..,..,32146,..,..
Constant 2018 Prices,..Duck Eggs,1207,1287,1165,1445,2494,3659,5105,1227,1358,1219,1344,2585,3804,5148,1247,1393,1221,1275,2640,3862,5136,1230,1393,1218,1320,2623,3841,5160,1275,1478,1326,1340,2752,4079,5419,1236,1469,1170,1208,2706,3875,5083,1195,1331,1096,1156,2525,3621,4777,1128,1214,1065,1081,2342,3407,4488,977,1054,1017,1017,2030,3048,4065,953,958,957,916,1912,2868,3785,883,886,893,841,1770,2663,3504,900,913,892,894,1813,2705,3599,934,999,919,944,1933,2852,3796,962,1068,914,978,2030,2944,3922,949,1035,956,1024,1984,2940,3964,966,1062,958,1063,2029,2986,4049,991,1086,998,1141,2077,3075,4217,1053,1166,973,1146,2219,3192,4338,1019,1222,1028,1180,2241,3269,4450,1078,1315,1055,1283,2394,3449,4731,1098,1303,1079,1339,2401,3480,4819,1112,1326,..,..,2438,..,..
Constant 2018 Prices,FISHERIES,48771,51688,53489,51911,100458,153947,205858,50142,54792,55303,53793,104934,160237,214031,53188,55478,55594,55330,108666,164260,219591,53862,59796,58146,61292,113658,171804,233096,57828,60469,59770,64338,118297,178067,242405,58484,62345,61999,67803,120829,182828,250631,61206,69527,63913,69504,130734,194646,264150,67643,75271,71831,73531,142914,214746,288276,70510,77395,72525,78302,147904,220429,298731,71448,77606,69783,76173,149055,218838,295010,69921,77133,73346,78638,147054,220400,299038,66140,76148,68511,76288,142288,210799,287087,63850,73080,69697,78890,136931,206627,285517,67327,75237,70280,74715,142564,212844,287559,65328,73536,68591,77282,138864,207455,284737,63233,73332,69173,74182,136565,205738,279920,59548,69637,67440,72430,129184,196624,269054,60701,68571,66016,72028,129272,195288,267316,58908,68267,64358,73816,127175,191533,265349,59120,70292,64739,75263,129412,194151,269415,57329,70982,65964,71549,128311,194275,265824,57463,70216,..,..,127679,..,..
Constant 2018 Prices,..Milkfish,4358,6026,5577,5718,10384,15961,21679,4598,6596,6166,5898,11194,17360,23258,4989,5935,6670,6400,10925,17594,23994,5314,6660,6786,6776,11974,18760,25535,5493,7391,7245,8125,12884,20129,28254,5753,7706,7853,8562,13459,21312,29874,6096,8734,9010,9021,14830,23840,32861,6168,9177,9963,10993,15345,25308,36301,7038,8734,9666,11130,15772,25438,36568,7149,9206,10452,10032,16355,26807,36838,6915,9167,10575,10286,16082,26657,36942,7198,9420,10725,11686,16618,27344,39030,7242,9942,11128,12056,17184,28313,40369,7940,10458,11459,12002,18398,29857,41859,7773,10223,11086,12374,17996,29082,41456,7768,9945,11175,11634,17713,28888,40522,7581,10102,11608,12258,17682,29290,41549,7375,11009,11523,13017,18385,29908,42925,6831,10630,10610,13154,17461,28071,41225,6508,10480,12001,13812,16988,28988,42800,6872,10712,11272,14527,17583,28856,43383,6956,12056,..,..,19012,..,..
Constant 2018 Prices,..Tilapia,2531,2370,1797,3007,4901,6698,9704,2711,2725,2149,2914,5436,7586,10499,2960,3258,2054,3279,6217,8271,11550,3044,3588,2367,3710,6633,8999,12709,3322,3744,2612,3752,7065,9678,13430,3686,3849,2953,4300,7535,10487,14788,5891,4196,3678,4496,10087,13764,18260,6808,4676,4453,5132,11483,15936,21068,7690,4961,4707,5283,12650,17357,22640,7926,5272,4918,4840,13198,18116,22956,7723,5289,4542,5367,13012,17554,22921,7530,5362,4521,5468,12892,17413,22881,7536,5517,4474,5720,13053,17527,23246,7754,5630,4563,6046,13383,17946,23992,7742,5964,4185,5735,13706,17891,23625,7526,5782,4220,5991,13308,17528,23519,7154,5680,4074,5782,12833,16907,22690,7302,6051,4064,6037,13354,17418,23456,6906,6173,4629,6546,13078,17707,24253,6686,6211,4352,7025,12898,17250,24275,6657,5956,4338,6022,12613,16951,22973,7189,6807,..,..,13996,..,..
Constant 2018 Prices,..Tiger Prawn,5155,5545,3700,5269,10700,14400,19669,4632,5881,4251,4949,10513,14763,19712,4962,4011,4052,4126,8973,13024,17150,4489,4101,3995,4327,8590,12586,16912,4421,4214,4036,4701,8636,12671,17373,4626,4167,4415,5022,8792,13208,18230,4458,4331,4331,5369,8789,13120,18489,5157,4504,4370,5276,9661,14031,19307,5525,6293,4753,5451,11818,16571,22022,5662,6954,4769,5926,12616,17385,23312,5185,7793,4528,5942,12978,17506,23448,4790,8042,4414,5891,12832,17246,23136,4720,7213,4995,6472,11932,16928,23399,4614,6589,4934,7898,11203,16137,24035,4593,6057,4697,7912,10651,15348,23260,4677,6708,4799,7890,11385,16184,24074,4429,7219,4439,7844,11648,16087,23931,4285,6165,4475,7461,10449,14924,22386,4220,5888,4213,7464,10108,14321,21785,4183,6161,3925,8109,10344,14268,22377,4111,6300,3480,6780,10411,13891,20672,4129,6219,..,..,10348,..,..
Constant 2018 Prices,..Skipjack,1937,1720,1612,1376,3656,5268,6644,2028,1788,1630,1444,3816,5446,6890,2156,2008,1630,1503,4164,5795,7297,2593,2119,2427,2108,4712,7139,9247,2870,2122,2007,2563,4992,6999,9562,2954,1937,2128,2568,4891,7019,9587,2827,2829,2509,2761,5656,8166,10927,3513,2677,2988,3260,6191,9179,12439,3754,3330,3627,4128,7083,10710,14839,4118,4315,3310,4964,8433,11743,16707,4317,2893,3709,4407,7210,10919,15326,3393,3243,3042,3470,6635,9677,13148,2892,3037,3726,4161,5928,9655,13816,3787,3512,3477,3365,7299,10777,14141,4032,4003,3693,3830,8036,11728,15558,3641,4218,3786,3863,7859,11645,15508,3066,3458,4175,4007,6524,10699,14706,4386,3705,4246,4221,8091,12337,16558,4694,4045,4176,4331,8739,12915,17246,4801,3710,4513,4827,8511,13024,17851,3764,4444,4529,4612,8208,12737,17350,4647,3913,..,..,8560,..,..
Constant 2018 Prices,..Roundscad,4381,4792,3939,3906,9173,13113,17018,4583,4973,3982,4095,9556,13538,17633,4865,5664,3987,4248,10529,14516,18764,5117,6208,4482,5279,11325,15807,21086,5050,5624,4418,4861,10674,15091,19952,4580,5372,4716,4399,9952,14668,19066,4104,5480,3972,4052,9583,13555,17607,4375,5968,7350,4076,10343,17693,21769,4354,5813,5341,4470,10167,15508,19979,4123,4563,3844,4030,8687,12531,16561,4483,5096,4592,4026,9578,14170,18197,3894,4723,3975,3652,8617,12593,16245,3843,4438,3897,3679,8281,12178,15857,4982,5587,4273,3388,10568,14841,18229,4648,5519,3821,3571,10167,13988,17559,3750,4665,3694,3094,8415,12109,15203,3303,4600,3462,2933,7903,11365,14298,2970,3726,3328,2344,6696,10024,12368,2543,3512,3101,2452,6055,9156,11608,3468,3950,3000,2294,7418,10418,12712,3205,4699,3385,2268,7904,11289,13556,2706,3839,..,..,6545,..,..
Constant 2018 Prices,..Seaweed,1308,1175,953,1669,2483,3436,5105,1286,1345,1025,2071,2632,3657,5728,1330,1422,1288,2539,2752,4040,6579,1259,1477,1281,3387,2736,4017,7404,1999,1833,1437,3603,3831,5268,8870,2218,1864,1640,4176,4082,5722,9898,2436,2094,1877,4423,4531,6407,10831,2561,2142,1960,4404,4703,6664,11067,2609,2218,2228,5314,4827,7055,12370,2726,2320,2314,5556,5046,7360,12916,2780,2449,2369,5779,5229,7598,13377,2988,2634,2335,5640,5622,7957,13597,2875,2559,2243,5224,5434,7677,12902,2492,2397,2266,4260,4888,7154,11414,2396,2291,2153,4587,4687,6840,11427,2391,2297,2180,4700,4688,6867,11567,2228,1921,1986,4242,4149,6135,10377,2256,1956,1994,4242,4212,6206,10448,2261,2124,2097,4437,4386,6482,10920,2245,2062,2198,4606,4307,6505,11110,2231,2084,2173,4355,4315,6488,10843,2166,2074,..,..,4240,..,..
Constant 2018 Prices,..Yellowfin Tuna,1703,2292,2505,1803,3995,6499,8303,1788,2390,2540,1892,4177,6717,8610,1905,2623,2521,1968,4528,7049,9017,1777,3395,3331,3048,5172,8503,11551,2255,3349,3183,2917,5604,8786,11703,2695,3413,3149,2955,6109,9258,12213,2213,3751,3109,3115,5964,9072,12187,2651,4566,3581,3656,7216,10797,14454,3451,5885,3894,4845,9336,13229,18075,3758,4754,3374,4406,8512,11886,16292,3247,4258,4088,4189,7505,11592,15781,2864,3761,3046,3496,6625,9671,13167,2599,3577,3369,3882,6175,9544,13426,3053,3923,3661,3307,6976,10637,13944,2999,3845,3597,4536,6844,10441,14977,3221,4579,3747,3824,7800,11547,15371,2693,3102,2840,2386,5795,8635,11021,3238,2516,2560,3049,5754,8314,11363,2867,2466,2178,2533,5333,7511,10044,2557,3200,2065,2790,5757,7821,10611,2078,3322,2400,2385,5400,7800,10185,1712,2162,..,..,3874,..,..
Constant 2018 Prices,..Mudcrab,1207,334,422,323,1540,1963,2286,1012,311,408,375,1323,1730,2105,904,472,403,359,1376,1779,2138,901,503,439,403,1404,1843,2246,1060,593,552,637,1653,2205,2842,1152,629,622,744,1781,2403,3147,1289,713,681,870,2002,2683,3554,1508,927,889,964,2435,3324,4287,1672,1066,1014,1555,2738,3752,5306,1761,1207,1083,2173,2967,4050,6224,1779,1226,1234,2287,3004,4238,6525,1676,1528,1343,2532,3204,4547,7079,1653,1491,1335,2919,3143,4478,7398,1905,1492,1482,2221,3397,4878,7099,1831,1486,1529,2471,3317,4846,7317,1800,1631,1596,2218,3430,5027,7244,1772,1702,1699,2378,3474,5173,7551,1916,1743,1854,2526,3659,5513,8039,2989,1747,1865,2681,4736,6601,9282,2928,1866,2036,2679,4794,6829,9508,3212,1741,1839,2735,4953,6792,9527,3860,1974,..,..,5834,..,..
Constant 2018 Prices,..Frigate Tuna,2381,2595,3644,3198,4976,8620,11818,2497,2704,3693,3364,5201,8894,12258,2658,2982,3674,3532,5641,9314,12846,3385,3827,3721,3072,7212,10933,14005,4101,3877,4517,3807,7978,12495,16302,3250,3534,3777,3066,6784,10561,13627,3113,4184,3313,3080,7297,10610,13690,4073,4650,3361,2779,8722,12083,14862,3064,3798,3015,2298,6862,9877,12175,2986,3368,3145,2395,6355,9499,11894,2834,3323,2967,2556,6157,9125,11681,2683,2818,2527,2315,5501,8029,10344,2507,2735,2594,2458,5242,7836,10295,2391,3102,2695,2305,5493,8188,10493,2435,3147,2582,2306,5581,8164,10469,2405,3235,2554,2561,5640,8194,10755,2582,3189,2547,2114,5771,8319,10433,2476,2700,2338,1999,5176,7515,9514,2024,2504,2238,1984,4528,6766,8750,1940,2777,2082,1903,4717,6798,8702,1864,2525,2366,1900,4389,6754,8655,1671,2099,..,..,3770,..,..
Constant 2018 Prices,..Big-eyed Scad,1720,1958,2224,1392,3679,5902,7294,1808,2048,2276,1467,3855,6131,7598,1929,2200,2208,1551,4128,6337,7888,1923,2348,2322,1553,4270,6592,8145,1959,2216,2274,1640,4175,6450,8090,1822,1837,1776,1701,3659,5435,7136,1749,1979,1775,1821,3728,5503,7324,1823,2127,1879,1590,3950,5829,7419,1920,1921,2013,1732,3841,5854,7586,1878,1875,2425,2224,3753,6178,8402,2185,2315,2747,2269,4499,7246,9515,2117,2174,2857,2199,4292,7149,9348,1988,2182,2561,2261,4170,6731,8992,2213,2279,2445,2207,4492,6937,9145,2109,2439,2516,2043,4547,7063,9107,1985,2453,2694,2025,4437,7131,9156,1728,2132,3017,2011,3860,6877,8888,1738,2149,2558,2123,3887,6445,8568,1913,2299,2310,2153,4212,6521,8674,1820,2339,2169,2224,4159,6327,8551,1894,2030,2148,2145,3924,6073,8217,1980,2087,..,..,4068,..,..
Constant 2018 Prices,..Bali Sardinella,906,1161,1232,1185,2067,3299,4484,949,1206,1242,1243,2154,3396,4639,1008,1369,1252,1291,2377,3629,4920,828,1119,1305,1490,1947,3252,4742,1027,1323,1472,1577,2350,3822,5399,1833,1986,1715,1379,3819,5535,6914,1163,1920,1441,1298,3082,4524,5821,1220,2056,1016,1492,3276,4292,5784,1524,1931,1643,1478,3455,5098,6576,2010,3960,1657,1360,5970,7627,8986,1895,3736,1871,1762,5631,7502,9264,1149,2487,1519,1280,3637,5155,6435,1053,2729,1673,1315,3783,5456,6770,1266,2566,1510,986,3831,5342,6328,1046,2591,2054,1338,3637,5692,7030,1252,3027,2310,1388,4278,6588,7976,1372,2772,2284,1286,4144,6428,7714,1238,2426,1810,1186,3664,5474,6660,1254,2567,2027,1287,3821,5849,7136,1131,2300,2027,1357,3431,5458,6815,1563,3355,2665,1773,4918,7583,9355,1733,3021,..,..,4754,..,..
Constant 2018 Prices,..Squid,1446,1522,1453,1101,2969,4421,5523,1523,1593,1486,1160,3116,4602,5762,1627,1697,1443,1225,3325,4768,5993,1569,1807,1559,1366,3377,4936,6301,1671,1980,1687,1322,3651,5338,6659,1780,1996,1730,1592,3777,5506,7099,1507,2079,1697,1563,3586,5283,6845,1653,2112,1985,1895,3765,5750,7645,1581,1919,1606,1701,3499,5106,6806,1845,2161,1568,1668,4006,5574,7242,1620,2119,1397,1490,3739,5136,6627,1692,2162,1328,1544,3855,5182,6726,1549,1920,1543,1504,3469,5012,6517,1632,1849,1593,1727,3482,5075,6802,1558,1856,1454,1756,3414,4868,6624,1519,1805,1477,1489,3324,4800,6289,1633,1846,1393,1297,3479,4872,6169,1485,1632,1400,1412,3116,4516,5928,1244,1596,1323,1473,2841,4163,5636,1184,1721,1280,1400,2905,4184,5584,1205,1461,1280,1342,2666,3946,5288,1165,1518,..,..,2683,..,..
Constant 2018 Prices,..Blue Crab,1115,1318,1538,1047,2433,3971,5018,1175,1386,1586,1108,2561,4147,5255,1258,1424,1508,1190,2682,4190,5380,1278,1611,1528,994,2889,4416,5410,1368,1718,1563,994,3086,4648,5643,1055,1604,1562,1449,2659,4221,5670,971,1242,1494,1418,2213,3707,5125,1006,1450,1570,1512,2455,4026,5538,1132,1417,1639,1374,2549,4187,5562,1176,1480,1209,1060,2655,3865,4925,1005,1545,1232,1118,2550,3781,4899,907,1517,1234,1164,2423,3657,4822,708,1150,1176,1291,1858,3035,4326,904,1202,1211,991,2106,3317,4308,808,1331,1292,1084,2139,3431,4515,827,1211,1210,1047,2038,3248,4295,950,1351,1169,1202,2302,3471,4673,911,1438,1547,1239,2349,3896,5135,902,1428,1821,1425,2330,4151,5576,832,1359,1496,1181,2191,3687,4868,1011,1252,1880,944,2263,4143,5087,999,1555,..,..,2554,..,..
Constant 2018 Prices,..Bigeye Tuna,717,517,614,715,1234,1848,2563,753,539,623,750,1292,1915,2665,802,592,618,780,1394,2012,2792,749,766,816,1209,1514,2331,3540,950,755,780,1157,1705,2485,3642,1135,770,772,1172,1905,2677,3849,1338,1301,1198,1357,2639,3837,5193,1644,1850,1276,1227,3494,4770,5997,1841,1498,1473,1385,3339,4812,6197,286,301,206,214,587,793,1007,604,487,479,486,1091,1569,2055,477,450,390,375,927,1317,1691,603,565,489,537,1169,1657,2195,505,568,444,567,1073,1518,2085,502,443,470,558,946,1415,1973,474,483,463,494,957,1420,1914,596,537,728,832,1133,1861,2693,814,1209,1496,1333,2023,3519,4852,1274,1377,1443,1383,2651,4094,5477,627,747,949,798,1374,2323,3121,647,731,1311,815,1378,2689,3503,649,753,..,..,1402,..,..
Constant 2018 Prices,..Grouper,583,612,1665,361,1196,2861,3222,616,639,1701,376,1255,2956,3332,656,663,1668,401,1319,2987,3389,486,832,1546,479,1318,2864,3343,546,787,1538,643,1332,2871,3513,478,915,1839,723,1393,3232,3955,520,1119,2049,667,1639,3688,4355,572,1146,2235,749,1718,3953,4702,511,1137,2608,1300,1648,4256,5556,596,1001,2319,819,1597,3917,4736,592,945,2505,935,1537,4043,4977,535,1025,2173,933,1560,3733,4666,624,998,2398,930,1622,4021,4951,609,919,2390,854,1528,3918,4772,653,902,2388,793,1555,3944,4737,637,884,2446,793,1521,3967,4760,630,762,2176,817,1393,3568,4386,628,746,2285,736,1373,3658,4394,584,674,2577,823,1258,3836,4659,684,780,3075,770,1464,4539,5309,665,762,3152,764,1426,4578,5342,578,828,..,..,1407,..,..
Constant 2018 Prices,..Indian Mackerel,1316,1110,1681,1261,2426,4106,5368,1382,1160,1713,1330,2542,4256,5586,1473,1244,1680,1408,2717,4397,5804,1482,1372,1930,1598,2853,4784,6382,1585,1348,1684,1612,2933,4616,6228,1395,1551,2160,1886,2946,5106,6992,1688,1741,2035,1897,3430,5465,7361,1758,2047,1742,1681,3805,5548,7228,1863,2067,1648,1796,3930,5578,7374,1728,1871,1810,1657,3599,5409,7066,1588,2120,1949,1916,3708,5657,7573,1502,1931,1740,1775,3433,5173,6948,1416,1836,1668,1568,3252,4920,6488,1779,1909,1641,1674,3688,5329,7003,1387,1910,1461,1680,3298,4759,6438,1261,1706,1482,1662,2967,4450,6112,877,1485,1407,1472,2362,3769,5241,1069,1511,1139,1219,2580,3718,4937,879,1411,1101,1204,2290,3391,4595,1095,1433,1160,1268,2528,3688,4956,995,1094,1119,1225,2089,3208,4432,978,1070,..,..,2048,..,..
Constant 2018 Prices,..Threadfin Bream,1038,1131,2414,1084,2169,4583,5667,1094,1184,2477,1143,2278,4755,5898,1170,1254,2387,1211,2424,4810,6021,1112,1355,1252,1170,2467,3720,4890,1159,1465,1232,1099,2624,3856,4954,1000,1491,1590,1393,2491,4081,5474,1310,1798,1727,1343,3108,4835,6179,1277,1923,1815,1689,3200,5015,6704,1507,1762,1688,1244,3270,4958,6202,1436,1426,1497,1363,2861,4359,5721,1253,1339,1475,1493,2592,4067,5560,1236,1599,1543,1429,2835,4378,5807,1294,1477,1373,1457,2771,4145,5601,1175,1339,1351,1227,2513,3864,5091,1089,1176,1275,1158,2266,3540,4698,1054,1112,1401,1193,2166,3566,4760,1079,1073,1348,1328,2152,3500,4828,1255,1157,1318,1072,2412,3729,4802,1023,1095,1137,1148,2118,3255,4403,1165,1144,1348,1372,2309,3657,5029,1226,1078,1339,1141,2304,3643,4784,1001,893,..,..,1895,..,..
Constant 2018 Prices,..Slipmouth,917,882,963,1009,1799,2763,3772,961,920,980,1062,1881,2862,3923,1023,1012,965,1117,2035,3000,4117,1053,1094,1064,1157,2147,3211,4368,1103,1108,928,1164,2210,3138,4302,1097,1148,974,1017,2244,3219,4236,966,1272,974,1011,2239,3213,4223,888,1254,930,843,2141,3071,3915,867,1164,883,780,2031,2914,3694,838,1101,974,894,1939,2913,3807,972,1186,900,953,2158,3058,4011,944,1106,856,919,2050,2905,3825,831,1073,812,846,1903,2715,3561,741,942,799,695,1683,2482,3177,742,854,869,704,1596,2464,3168,670,856,847,638,1526,2373,3010,702,764,869,709,1466,2335,3044,691,718,822,726,1410,2232,2957,600,711,810,872,1311,2122,2993,664,695,730,814,1360,2090,2904,517,574,699,684,1091,1790,2474,597,603,..,..,1200,..,..
Constant 2018 Prices,..Cavalla,491,459,360,364,950,1311,1674,518,482,370,384,1000,1370,1754,554,501,355,409,1055,1410,1819,478,601,404,415,1079,1483,1898,549,583,394,417,1133,1527,1944,493,665,506,541,1158,1664,2205,644,896,529,607,1541,2069,2677,770,970,629,702,1740,2369,3071,736,1193,973,893,1929,2902,3795,782,1022,820,829,1804,2624,3452,699,1078,1010,1256,1777,2787,4043,673,1227,929,1144,1901,2830,3973,819,1009,905,1184,1828,2733,3917,940,1032,918,776,1972,2890,3666,850,1041,797,761,1891,2688,3449,822,1004,842,896,1826,2668,3564,636,870,773,813,1506,2279,3093,669,826,732,733,1495,2227,2960,660,761,741,761,1420,2161,2922,767,769,709,747,1536,2244,2992,722,830,842,808,1553,2395,3203,789,854,..,..,1643,..,..
Constant 2018 Prices,..Fimbriated Sardines,467,373,576,374,839,1415,1789,490,389,584,393,879,1463,1856,521,420,580,410,942,1521,1932,514,452,604,517,966,1570,2087,578,464,731,490,1042,1773,2263,602,711,776,584,1313,2090,2674,573,738,807,716,1311,2118,2834,732,798,858,792,1530,2388,3180,988,1160,1006,849,2148,3153,4003,1073,1024,1398,927,2097,3495,4422,960,828,944,692,1788,2733,3425,791,798,857,681,1589,2446,3127,784,753,860,638,1537,2396,3034,761,655,885,557,1416,2301,2859,693,655,1008,665,1348,2356,3021,719,605,784,571,1324,2108,2678,593,563,776,530,1156,1932,2463,617,597,799,538,1213,2012,2550,672,720,627,719,1392,2019,2738,706,647,657,440,1353,2010,2449,522,350,514,277,872,1386,1663,322,302,..,..,624,..,..
Constant 2018 Prices,..Other Fisheries,13095,13794,14622,15750,26888,41510,57260,13739,14533,14421,16376,28272,42693,59069,14435,14728,14652,16385,29163,43815,60200,14511,14562,14987,17235,29073,44060,61295,14763,13977,15481,17258,28740,44221,61479,14880,15200,15345,18573,30080,45425,63998,16348,17131,15708,18621,33479,49187,67808,17487,18252,16980,18818,35739,52719,71537,16883,18129,17101,19296,35012,52113,71409,17591,18426,16690,18838,36017,52708,71546,17285,17944,18232,19427,35230,53462,72889,17101,18140,17157,18696,35241,52398,71093,16315,16880,16476,18788,33195,49671,68459,15886,17289,16281,17662,33174,49455,67117,15442,15802,15664,17419,31244,46908,64327,14835,15129,15467,16212,29964,45431,61643,13943,14510,14669,16188,28453,43122,59310,13381,14593,13729,14813,27974,41703,56516,12568,14539,13333,14984,27107,40441,55425,13130,15942,12969,14848,29072,42041,56890,12369,15683,13233,14048,28051,41284,55333,11635,15588,..,..,27224,..,..
Constant 2018 Prices,AGRICULTURE,300214,298866,288806,350546,599079,887886,1238432,307730,317104,295181,363828,624834,920015,1283843,329625,319590,294119,386122,649215,943334,1329456,341236,322930,308390,401039,664166,972556,1373595,360292,332985,328401,405146,693277,1021678,1426824,358598,338958,335438,420109,697556,1032994,1453103,373187,360363,349008,426019,733550,1082559,1508578,384164,384158,371432,450306,768323,1139755,1590061,398558,408078,383642,456475,806636,1190278,1646753,406363,404738,387561,438689,811102,1198663,1637352,392924,393763,373759,466919,786686,1160445,1627365,407991,421465,382157,458377,829456,1211613,1669990,412681,423795,401843,479457,836476,1238318,1717776,423323,420037,400018,484080,843360,1243378,1727458,426717,430719,388518,503843,857436,1245954,1749797,434232,429497,386042,498292,863729,1249771,1748063,413082,419676,397233,492424,832758,1229990,1722414,435632,446375,409386,504940,882007,1291394,1796333,441857,446567,405418,512527,888424,1293841,1806368,443602,440311,414834,512168,883913,1298747,1810914,435856,442369,417727,492810,878225,1295952,1788762,421038,435607,..,..,856644,..,..
